variable,valor
a_zt[1,1],0.0
a_zt[1,2],0.0
a_zt[1,3],0.0
a_zt[1,4],0.0
a_zt[1,5],528.2591247708873
a_zt[1,6],528.2591247708873
a_zt[1,7],528.2591247708873
a_zt[1,8],528.2591247708873
a_zt[1,9],528.2591247708873
a_zt[1,10],528.2591247708873
a_zt[1,11],528.2591247708873
a_zt[1,12],0.0
a_zt[1,13],0.0
a_zt[1,14],0.0
a_zt[1,15],0.0
a_zt[1,16],0.0
a_zt[1,17],528.2591247708873
a_zt[1,18],528.2591247708873
a_zt[1,19],528.2591247708873
a_zt[1,20],528.2591247708873
a_zt[1,21],528.2591247708873
a_zt[1,22],528.2591247708873
a_zt[1,23],528.2591247708873
a_zt[1,24],0.0
a_zt[2,1],0.0
a_zt[2,2],0.0
a_zt[2,3],0.0
a_zt[2,4],0.0
a_zt[2,5],487.11023969597164
a_zt[2,6],487.11023969597164
a_zt[2,7],487.11023969597164
a_zt[2,8],487.11023969597164
a_zt[2,9],487.11023969597164
a_zt[2,10],487.11023969597164
a_zt[2,11],487.11023969597164
a_zt[2,12],0.0
a_zt[2,13],0.0
a_zt[2,14],0.0
a_zt[2,15],0.0
a_zt[2,16],0.0
a_zt[2,17],487.11023969597164
a_zt[2,18],487.11023969597164
a_zt[2,19],487.11023969597164
a_zt[2,20],487.11023969597164
a_zt[2,21],487.11023969597164
a_zt[2,22],487.11023969597164
a_zt[2,23],487.11023969597164
a_zt[2,24],0.0
a_zt[3,1],0.0
a_zt[3,2],0.0
a_zt[3,3],0.0
a_zt[3,4],0.0
a_zt[3,5],1068.3414838741378
a_zt[3,6],1068.3414838741378
a_zt[3,7],1068.3414838741378
a_zt[3,8],1068.3414838741378
a_zt[3,9],1068.3414838741378
a_zt[3,10],1068.3414838741378
a_zt[3,11],1068.3414838741378
a_zt[3,12],0.0
a_zt[3,13],0.0
a_zt[3,14],0.0
a_zt[3,15],0.0
a_zt[3,16],0.0
a_zt[3,17],1068.3414838741378
a_zt[3,18],1068.3414838741378
a_zt[3,19],1068.3414838741378
a_zt[3,20],1068.3414838741378
a_zt[3,21],1068.3414838741378
a_zt[3,22],1068.3414838741378
a_zt[3,23],1068.3414838741378
a_zt[3,24],0.0
a_zt[4,1],0.0
a_zt[4,2],0.0
a_zt[4,3],0.0
a_zt[4,4],0.0
a_zt[4,5],868.9181246558846
a_zt[4,6],868.9181246558846
a_zt[4,7],868.9181246558846
a_zt[4,8],868.9181246558846
a_zt[4,9],868.9181246558846
a_zt[4,10],868.9181246558846
a_zt[4,11],868.9181246558846
a_zt[4,12],0.0
a_zt[4,13],0.0
a_zt[4,14],0.0
a_zt[4,15],0.0
a_zt[4,16],0.0
a_zt[4,17],868.9181246558846
a_zt[4,18],868.9181246558846
a_zt[4,19],868.9181246558846
a_zt[4,20],868.9181246558846
a_zt[4,21],868.9181246558846
a_zt[4,22],868.9181246558846
a_zt[4,23],868.9181246558846
a_zt[4,24],0.0
a_zt[5,1],0.0
a_zt[5,2],0.0
a_zt[5,3],0.0
a_zt[5,4],0.0
a_zt[5,5],711.0337590091591
a_zt[5,6],711.0337590091591
a_zt[5,7],711.0337590091591
a_zt[5,8],711.0337590091591
a_zt[5,9],711.0337590091591
a_zt[5,10],711.0337590091591
a_zt[5,11],711.0337590091591
a_zt[5,12],0.0
a_zt[5,13],0.0
a_zt[5,14],0.0
a_zt[5,15],0.0
a_zt[5,16],0.0
a_zt[5,17],711.0337590091591
a_zt[5,18],711.0337590091591
a_zt[5,19],711.0337590091591
a_zt[5,20],711.0337590091591
a_zt[5,21],711.0337590091591
a_zt[5,22],711.0337590091591
a_zt[5,23],711.0337590091591
a_zt[5,24],0.0
a_zt[6,1],0.0
a_zt[6,2],0.0
a_zt[6,3],0.0
a_zt[6,4],0.0
a_zt[6,5],1285.6672254487692
a_zt[6,6],1285.6672254487692
a_zt[6,7],1285.6672254487692
a_zt[6,8],1285.6672254487692
a_zt[6,9],1285.6672254487692
a_zt[6,10],1285.6672254487692
a_zt[6,11],1285.6672254487692
a_zt[6,12],0.0
a_zt[6,13],0.0
a_zt[6,14],0.0
a_zt[6,15],0.0
a_zt[6,16],0.0
a_zt[6,17],1285.6672254487692
a_zt[6,18],1285.6672254487692
a_zt[6,19],1285.6672254487692
a_zt[6,20],1285.6672254487692
a_zt[6,21],1285.6672254487692
a_zt[6,22],1285.6672254487692
a_zt[6,23],1285.6672254487692
a_zt[6,24],0.0
a_zt[7,1],0.0
a_zt[7,2],0.0
a_zt[7,3],0.0
a_zt[7,4],0.0
a_zt[7,5],713.2432662992192
a_zt[7,6],713.2432662992192
a_zt[7,7],713.2432662992192
a_zt[7,8],713.2432662992192
a_zt[7,9],713.2432662992192
a_zt[7,10],713.2432662992192
a_zt[7,11],713.2432662992192
a_zt[7,12],0.0
a_zt[7,13],0.0
a_zt[7,14],0.0
a_zt[7,15],0.0
a_zt[7,16],0.0
a_zt[7,17],713.2432662992192
a_zt[7,18],713.2432662992192
a_zt[7,19],713.2432662992192
a_zt[7,20],713.2432662992192
a_zt[7,21],713.2432662992192
a_zt[7,22],713.2432662992192
a_zt[7,23],713.2432662992192
a_zt[7,24],0.0
a_zt[8,1],0.0
a_zt[8,2],0.0
a_zt[8,3],0.0
a_zt[8,4],0.0
a_zt[8,5],599.7719652868063
a_zt[8,6],599.7719652868063
a_zt[8,7],599.7719652868063
a_zt[8,8],599.7719652868063
a_zt[8,9],599.7719652868063
a_zt[8,10],599.7719652868063
a_zt[8,11],599.7719652868063
a_zt[8,12],0.0
a_zt[8,13],0.0
a_zt[8,14],0.0
a_zt[8,15],0.0
a_zt[8,16],0.0
a_zt[8,17],599.7719652868063
a_zt[8,18],599.7719652868063
a_zt[8,19],599.7719652868063
a_zt[8,20],599.7719652868063
a_zt[8,21],599.7719652868063
a_zt[8,22],599.7719652868063
a_zt[8,23],599.7719652868063
a_zt[8,24],0.0
a_zt[9,1],0.0
a_zt[9,2],0.0
a_zt[9,3],0.0
a_zt[9,4],0.0
a_zt[9,5],359.857763363575
a_zt[9,6],359.857763363575
a_zt[9,7],359.857763363575
a_zt[9,8],359.857763363575
a_zt[9,9],359.857763363575
a_zt[9,10],359.857763363575
a_zt[9,11],359.857763363575
a_zt[9,12],0.0
a_zt[9,13],0.0
a_zt[9,14],0.0
a_zt[9,15],0.0
a_zt[9,16],0.0
a_zt[9,17],359.857763363575
a_zt[9,18],359.857763363575
a_zt[9,19],359.857763363575
a_zt[9,20],359.857763363575
a_zt[9,21],359.857763363575
a_zt[9,22],359.857763363575
a_zt[9,23],359.857763363575
a_zt[9,24],0.0
a_zt[10,1],0.0
a_zt[10,2],0.0
a_zt[10,3],0.0
a_zt[10,4],0.0
a_zt[10,5],857.1680309741478
a_zt[10,6],857.1680309741478
a_zt[10,7],857.1680309741478
a_zt[10,8],857.1680309741478
a_zt[10,9],857.1680309741478
a_zt[10,10],857.1680309741478
a_zt[10,11],857.1680309741478
a_zt[10,12],0.0
a_zt[10,13],0.0
a_zt[10,14],0.0
a_zt[10,15],0.0
a_zt[10,16],0.0
a_zt[10,17],857.1680309741478
a_zt[10,18],857.1680309741478
a_zt[10,19],857.1680309741478
a_zt[10,20],857.1680309741478
a_zt[10,21],857.1680309741478
a_zt[10,22],857.1680309741478
a_zt[10,23],857.1680309741478
a_zt[10,24],0.0
a_zt[11,1],0.0
a_zt[11,2],0.0
a_zt[11,3],421.27720806767275
a_zt[11,4],0.0
a_zt[11,5],421.27720806767275
a_zt[11,6],421.27720806767275
a_zt[11,7],421.27720806767275
a_zt[11,8],421.27720806767275
a_zt[11,9],421.27720806767275
a_zt[11,10],421.27720806767275
a_zt[11,11],421.27720806767275
a_zt[11,12],0.0
a_zt[11,13],0.0
a_zt[11,14],0.0
a_zt[11,15],421.27720806767275
a_zt[11,16],0.0
a_zt[11,17],421.27720806767275
a_zt[11,18],421.27720806767275
a_zt[11,19],421.27720806767275
a_zt[11,20],421.27720806767275
a_zt[11,21],421.27720806767275
a_zt[11,22],421.27720806767275
a_zt[11,23],421.27720806767275
a_zt[11,24],0.0
a_zt[12,1],0.0
a_zt[12,2],0.0
a_zt[12,3],686.4674402745163
a_zt[12,4],0.0
a_zt[12,5],686.4674402745163
a_zt[12,6],686.4674402745163
a_zt[12,7],686.4674402745163
a_zt[12,8],686.4674402745163
a_zt[12,9],686.4674402745163
a_zt[12,10],686.4674402745163
a_zt[12,11],686.4674402745163
a_zt[12,12],0.0
a_zt[12,13],0.0
a_zt[12,14],0.0
a_zt[12,15],686.4674402745163
a_zt[12,16],0.0
a_zt[12,17],686.4674402745163
a_zt[12,18],686.4674402745163
a_zt[12,19],686.4674402745163
a_zt[12,20],686.4674402745163
a_zt[12,21],686.4674402745163
a_zt[12,22],686.4674402745163
a_zt[12,23],686.4674402745163
a_zt[12,24],0.0
a_zt[13,1],0.0
a_zt[13,2],0.0
a_zt[13,3],1079.4364590162863
a_zt[13,4],0.0
a_zt[13,5],1079.4364590162863
a_zt[13,6],1079.4364590162863
a_zt[13,7],1079.4364590162863
a_zt[13,8],1079.4364590162863
a_zt[13,9],1079.4364590162863
a_zt[13,10],1079.4364590162863
a_zt[13,11],1079.4364590162863
a_zt[13,12],0.0
a_zt[13,13],0.0
a_zt[13,14],0.0
a_zt[13,15],1079.4364590162863
a_zt[13,16],0.0
a_zt[13,17],1079.4364590162863
a_zt[13,18],1079.4364590162863
a_zt[13,19],1079.4364590162863
a_zt[13,20],1079.4364590162863
a_zt[13,21],1079.4364590162863
a_zt[13,22],1079.4364590162863
a_zt[13,23],1079.4364590162863
a_zt[13,24],0.0
a_zt[14,1],0.0
a_zt[14,2],0.0
a_zt[14,3],1119.4695478530082
a_zt[14,4],0.0
a_zt[14,5],1119.4695478530082
a_zt[14,6],1119.4695478530082
a_zt[14,7],1119.4695478530082
a_zt[14,8],1119.4695478530082
a_zt[14,9],1119.4695478530082
a_zt[14,10],1119.4695478530082
a_zt[14,11],1119.4695478530082
a_zt[14,12],0.0
a_zt[14,13],0.0
a_zt[14,14],0.0
a_zt[14,15],1119.4695478530082
a_zt[14,16],0.0
a_zt[14,17],1119.4695478530082
a_zt[14,18],1119.4695478530082
a_zt[14,19],1119.4695478530082
a_zt[14,20],1119.4695478530082
a_zt[14,21],1119.4695478530082
a_zt[14,22],1119.4695478530082
a_zt[14,23],1119.4695478530082
a_zt[14,24],0.0
a_zt[15,1],0.0
a_zt[15,2],0.0
a_zt[15,3],554.4494023178104
a_zt[15,4],0.0
a_zt[15,5],554.4494023178104
a_zt[15,6],554.4494023178104
a_zt[15,7],554.4494023178104
a_zt[15,8],554.4494023178104
a_zt[15,9],554.4494023178104
a_zt[15,10],554.4494023178104
a_zt[15,11],554.4494023178104
a_zt[15,12],0.0
a_zt[15,13],0.0
a_zt[15,14],0.0
a_zt[15,15],554.4494023178104
a_zt[15,16],0.0
a_zt[15,17],554.4494023178104
a_zt[15,18],554.4494023178104
a_zt[15,19],554.4494023178104
a_zt[15,20],554.4494023178104
a_zt[15,21],554.4494023178104
a_zt[15,22],554.4494023178104
a_zt[15,23],554.4494023178104
a_zt[15,24],0.0
a_zt[16,1],0.0
a_zt[16,2],0.0
a_zt[16,3],1031.6670724728594
a_zt[16,4],0.0
a_zt[16,5],1031.6670724728594
a_zt[16,6],1031.6670724728594
a_zt[16,7],1031.6670724728594
a_zt[16,8],1031.6670724728594
a_zt[16,9],1031.6670724728594
a_zt[16,10],1031.6670724728594
a_zt[16,11],1031.6670724728594
a_zt[16,12],0.0
a_zt[16,13],0.0
a_zt[16,14],0.0
a_zt[16,15],1031.6670724728594
a_zt[16,16],0.0
a_zt[16,17],1031.6670724728594
a_zt[16,18],1031.6670724728594
a_zt[16,19],1031.6670724728594
a_zt[16,20],1031.6670724728594
a_zt[16,21],1031.6670724728594
a_zt[16,22],1031.6670724728594
a_zt[16,23],1031.6670724728594
a_zt[16,24],0.0
a_zt[17,1],0.0
a_zt[17,2],0.0
a_zt[17,3],390.99622842833963
a_zt[17,4],0.0
a_zt[17,5],390.99622842833963
a_zt[17,6],390.99622842833963
a_zt[17,7],390.99622842833963
a_zt[17,8],390.99622842833963
a_zt[17,9],390.99622842833963
a_zt[17,10],390.99622842833963
a_zt[17,11],390.99622842833963
a_zt[17,12],0.0
a_zt[17,13],0.0
a_zt[17,14],0.0
a_zt[17,15],390.99622842833963
a_zt[17,16],0.0
a_zt[17,17],390.99622842833963
a_zt[17,18],390.99622842833963
a_zt[17,19],390.99622842833963
a_zt[17,20],390.99622842833963
a_zt[17,21],390.99622842833963
a_zt[17,22],390.99622842833963
a_zt[17,23],390.99622842833963
a_zt[17,24],0.0
a_zt[18,1],0.0
a_zt[18,2],0.0
a_zt[18,3],1253.481375817558
a_zt[18,4],0.0
a_zt[18,5],1253.481375817558
a_zt[18,6],1253.481375817558
a_zt[18,7],1253.481375817558
a_zt[18,8],1253.481375817558
a_zt[18,9],1253.481375817558
a_zt[18,10],1253.481375817558
a_zt[18,11],1253.481375817558
a_zt[18,12],0.0
a_zt[18,13],0.0
a_zt[18,14],0.0
a_zt[18,15],1253.481375817558
a_zt[18,16],0.0
a_zt[18,17],1253.481375817558
a_zt[18,18],1253.481375817558
a_zt[18,19],1253.481375817558
a_zt[18,20],1253.481375817558
a_zt[18,21],1253.481375817558
a_zt[18,22],1253.481375817558
a_zt[18,23],1253.481375817558
a_zt[18,24],0.0
a_zt[19,1],0.0
a_zt[19,2],0.0
a_zt[19,3],1301.4735810622972
a_zt[19,4],0.0
a_zt[19,5],1301.4735810622972
a_zt[19,6],1301.4735810622972
a_zt[19,7],1301.4735810622972
a_zt[19,8],1301.4735810622972
a_zt[19,9],1301.4735810622972
a_zt[19,10],1301.4735810622972
a_zt[19,11],1301.4735810622972
a_zt[19,12],0.0
a_zt[19,13],0.0
a_zt[19,14],0.0
a_zt[19,15],1301.4735810622972
a_zt[19,16],0.0
a_zt[19,17],1301.4735810622972
a_zt[19,18],1301.4735810622972
a_zt[19,19],1301.4735810622972
a_zt[19,20],1301.4735810622972
a_zt[19,21],1301.4735810622972
a_zt[19,22],1301.4735810622972
a_zt[19,23],1301.4735810622972
a_zt[19,24],0.0
a_zt[20,1],0.0
a_zt[20,2],0.0
a_zt[20,3],635.266074774843
a_zt[20,4],0.0
a_zt[20,5],635.266074774843
a_zt[20,6],635.266074774843
a_zt[20,7],635.266074774843
a_zt[20,8],635.266074774843
a_zt[20,9],635.266074774843
a_zt[20,10],635.266074774843
a_zt[20,11],635.266074774843
a_zt[20,12],0.0
a_zt[20,13],0.0
a_zt[20,14],0.0
a_zt[20,15],635.266074774843
a_zt[20,16],0.0
a_zt[20,17],635.266074774843
a_zt[20,18],635.266074774843
a_zt[20,19],635.266074774843
a_zt[20,20],635.266074774843
a_zt[20,21],635.266074774843
a_zt[20,22],635.266074774843
a_zt[20,23],635.266074774843
a_zt[20,24],0.0
p_zt[1,1],0.0
p_zt[1,2],0.0
p_zt[1,3],0.0
p_zt[1,4],0.0
p_zt[1,5],1.0
p_zt[1,6],1.0
p_zt[1,7],1.0
p_zt[1,8],1.0
p_zt[1,9],1.0
p_zt[1,10],1.0
p_zt[1,11],1.0
p_zt[1,12],0.0
p_zt[1,13],0.0
p_zt[1,14],0.0
p_zt[1,15],0.0
p_zt[1,16],0.0
p_zt[1,17],1.0
p_zt[1,18],1.0
p_zt[1,19],1.0
p_zt[1,20],1.0
p_zt[1,21],1.0
p_zt[1,22],1.0
p_zt[1,23],1.0
p_zt[1,24],0.0
p_zt[2,1],0.0
p_zt[2,2],0.0
p_zt[2,3],0.0
p_zt[2,4],0.0
p_zt[2,5],1.0
p_zt[2,6],1.0
p_zt[2,7],1.0
p_zt[2,8],1.0
p_zt[2,9],1.0
p_zt[2,10],1.0
p_zt[2,11],1.0
p_zt[2,12],0.0
p_zt[2,13],0.0
p_zt[2,14],0.0
p_zt[2,15],0.0
p_zt[2,16],0.0
p_zt[2,17],1.0
p_zt[2,18],1.0
p_zt[2,19],1.0
p_zt[2,20],1.0
p_zt[2,21],1.0
p_zt[2,22],1.0
p_zt[2,23],1.0
p_zt[2,24],0.0
p_zt[3,1],0.0
p_zt[3,2],0.0
p_zt[3,3],0.0
p_zt[3,4],0.0
p_zt[3,5],1.0
p_zt[3,6],1.0
p_zt[3,7],1.0
p_zt[3,8],1.0
p_zt[3,9],1.0
p_zt[3,10],1.0
p_zt[3,11],1.0
p_zt[3,12],0.0
p_zt[3,13],0.0
p_zt[3,14],0.0
p_zt[3,15],0.0
p_zt[3,16],0.0
p_zt[3,17],1.0
p_zt[3,18],1.0
p_zt[3,19],1.0
p_zt[3,20],1.0
p_zt[3,21],1.0
p_zt[3,22],1.0
p_zt[3,23],1.0
p_zt[3,24],0.0
p_zt[4,1],0.0
p_zt[4,2],0.0
p_zt[4,3],0.0
p_zt[4,4],0.0
p_zt[4,5],1.0
p_zt[4,6],1.0
p_zt[4,7],1.0
p_zt[4,8],1.0
p_zt[4,9],1.0
p_zt[4,10],1.0
p_zt[4,11],1.0
p_zt[4,12],0.0
p_zt[4,13],0.0
p_zt[4,14],0.0
p_zt[4,15],0.0
p_zt[4,16],0.0
p_zt[4,17],1.0
p_zt[4,18],1.0
p_zt[4,19],1.0
p_zt[4,20],1.0
p_zt[4,21],1.0
p_zt[4,22],1.0
p_zt[4,23],1.0
p_zt[4,24],0.0
p_zt[5,1],0.0
p_zt[5,2],0.0
p_zt[5,3],0.0
p_zt[5,4],0.0
p_zt[5,5],1.0
p_zt[5,6],1.0
p_zt[5,7],1.0
p_zt[5,8],1.0
p_zt[5,9],1.0
p_zt[5,10],1.0
p_zt[5,11],1.0
p_zt[5,12],0.0
p_zt[5,13],0.0
p_zt[5,14],0.0
p_zt[5,15],0.0
p_zt[5,16],0.0
p_zt[5,17],1.0
p_zt[5,18],1.0
p_zt[5,19],1.0
p_zt[5,20],1.0
p_zt[5,21],1.0
p_zt[5,22],1.0
p_zt[5,23],1.0
p_zt[5,24],0.0
p_zt[6,1],0.0
p_zt[6,2],0.0
p_zt[6,3],0.0
p_zt[6,4],0.0
p_zt[6,5],1.0
p_zt[6,6],1.0
p_zt[6,7],1.0
p_zt[6,8],1.0
p_zt[6,9],1.0
p_zt[6,10],1.0
p_zt[6,11],1.0
p_zt[6,12],0.0
p_zt[6,13],0.0
p_zt[6,14],0.0
p_zt[6,15],0.0
p_zt[6,16],0.0
p_zt[6,17],1.0
p_zt[6,18],1.0
p_zt[6,19],1.0
p_zt[6,20],1.0
p_zt[6,21],1.0
p_zt[6,22],1.0
p_zt[6,23],1.0
p_zt[6,24],0.0
p_zt[7,1],0.0
p_zt[7,2],0.0
p_zt[7,3],0.0
p_zt[7,4],0.0
p_zt[7,5],1.0
p_zt[7,6],1.0
p_zt[7,7],1.0
p_zt[7,8],1.0
p_zt[7,9],1.0
p_zt[7,10],1.0
p_zt[7,11],1.0
p_zt[7,12],0.0
p_zt[7,13],0.0
p_zt[7,14],0.0
p_zt[7,15],0.0
p_zt[7,16],0.0
p_zt[7,17],1.0
p_zt[7,18],1.0
p_zt[7,19],1.0
p_zt[7,20],1.0
p_zt[7,21],1.0
p_zt[7,22],1.0
p_zt[7,23],1.0
p_zt[7,24],0.0
p_zt[8,1],0.0
p_zt[8,2],0.0
p_zt[8,3],0.0
p_zt[8,4],0.0
p_zt[8,5],1.0
p_zt[8,6],1.0
p_zt[8,7],1.0
p_zt[8,8],1.0
p_zt[8,9],1.0
p_zt[8,10],1.0
p_zt[8,11],1.0
p_zt[8,12],0.0
p_zt[8,13],0.0
p_zt[8,14],0.0
p_zt[8,15],0.0
p_zt[8,16],0.0
p_zt[8,17],1.0
p_zt[8,18],1.0
p_zt[8,19],1.0
p_zt[8,20],1.0
p_zt[8,21],1.0
p_zt[8,22],1.0
p_zt[8,23],1.0
p_zt[8,24],0.0
p_zt[9,1],0.0
p_zt[9,2],0.0
p_zt[9,3],0.0
p_zt[9,4],0.0
p_zt[9,5],1.0
p_zt[9,6],1.0
p_zt[9,7],1.0
p_zt[9,8],1.0
p_zt[9,9],1.0
p_zt[9,10],1.0
p_zt[9,11],1.0
p_zt[9,12],0.0
p_zt[9,13],0.0
p_zt[9,14],0.0
p_zt[9,15],0.0
p_zt[9,16],0.0
p_zt[9,17],1.0
p_zt[9,18],1.0
p_zt[9,19],1.0
p_zt[9,20],1.0
p_zt[9,21],1.0
p_zt[9,22],1.0
p_zt[9,23],1.0
p_zt[9,24],0.0
p_zt[10,1],0.0
p_zt[10,2],0.0
p_zt[10,3],0.0
p_zt[10,4],0.0
p_zt[10,5],1.0
p_zt[10,6],1.0
p_zt[10,7],1.0
p_zt[10,8],1.0
p_zt[10,9],1.0
p_zt[10,10],1.0
p_zt[10,11],1.0
p_zt[10,12],0.0
p_zt[10,13],0.0
p_zt[10,14],0.0
p_zt[10,15],0.0
p_zt[10,16],0.0
p_zt[10,17],1.0
p_zt[10,18],1.0
p_zt[10,19],1.0
p_zt[10,20],1.0
p_zt[10,21],1.0
p_zt[10,22],1.0
p_zt[10,23],1.0
p_zt[10,24],0.0
p_zt[11,1],0.0
p_zt[11,2],0.0
p_zt[11,3],1.0
p_zt[11,4],0.0
p_zt[11,5],1.0
p_zt[11,6],1.0
p_zt[11,7],1.0
p_zt[11,8],1.0
p_zt[11,9],1.0
p_zt[11,10],1.0
p_zt[11,11],1.0
p_zt[11,12],0.0
p_zt[11,13],0.0
p_zt[11,14],0.0
p_zt[11,15],1.0
p_zt[11,16],0.0
p_zt[11,17],1.0
p_zt[11,18],1.0
p_zt[11,19],1.0
p_zt[11,20],1.0
p_zt[11,21],1.0
p_zt[11,22],1.0
p_zt[11,23],1.0
p_zt[11,24],0.0
p_zt[12,1],0.0
p_zt[12,2],0.0
p_zt[12,3],1.0
p_zt[12,4],0.0
p_zt[12,5],1.0
p_zt[12,6],1.0
p_zt[12,7],1.0
p_zt[12,8],1.0
p_zt[12,9],1.0
p_zt[12,10],1.0
p_zt[12,11],1.0
p_zt[12,12],0.0
p_zt[12,13],0.0
p_zt[12,14],0.0
p_zt[12,15],1.0
p_zt[12,16],0.0
p_zt[12,17],1.0
p_zt[12,18],1.0
p_zt[12,19],1.0
p_zt[12,20],1.0
p_zt[12,21],1.0
p_zt[12,22],1.0
p_zt[12,23],1.0
p_zt[12,24],0.0
p_zt[13,1],0.0
p_zt[13,2],0.0
p_zt[13,3],1.0
p_zt[13,4],0.0
p_zt[13,5],1.0
p_zt[13,6],1.0
p_zt[13,7],1.0
p_zt[13,8],1.0
p_zt[13,9],1.0
p_zt[13,10],1.0
p_zt[13,11],1.0
p_zt[13,12],0.0
p_zt[13,13],0.0
p_zt[13,14],0.0
p_zt[13,15],1.0
p_zt[13,16],0.0
p_zt[13,17],1.0
p_zt[13,18],1.0
p_zt[13,19],1.0
p_zt[13,20],1.0
p_zt[13,21],1.0
p_zt[13,22],1.0
p_zt[13,23],1.0
p_zt[13,24],0.0
p_zt[14,1],0.0
p_zt[14,2],0.0
p_zt[14,3],1.0
p_zt[14,4],0.0
p_zt[14,5],1.0
p_zt[14,6],1.0
p_zt[14,7],1.0
p_zt[14,8],1.0
p_zt[14,9],1.0
p_zt[14,10],1.0
p_zt[14,11],1.0
p_zt[14,12],0.0
p_zt[14,13],0.0
p_zt[14,14],0.0
p_zt[14,15],1.0
p_zt[14,16],0.0
p_zt[14,17],1.0
p_zt[14,18],1.0
p_zt[14,19],1.0
p_zt[14,20],1.0
p_zt[14,21],1.0
p_zt[14,22],1.0
p_zt[14,23],1.0
p_zt[14,24],0.0
p_zt[15,1],0.0
p_zt[15,2],0.0
p_zt[15,3],1.0
p_zt[15,4],0.0
p_zt[15,5],1.0
p_zt[15,6],1.0
p_zt[15,7],1.0
p_zt[15,8],1.0
p_zt[15,9],1.0
p_zt[15,10],1.0
p_zt[15,11],1.0
p_zt[15,12],0.0
p_zt[15,13],0.0
p_zt[15,14],0.0
p_zt[15,15],1.0
p_zt[15,16],0.0
p_zt[15,17],1.0
p_zt[15,18],1.0
p_zt[15,19],1.0
p_zt[15,20],1.0
p_zt[15,21],1.0
p_zt[15,22],1.0
p_zt[15,23],1.0
p_zt[15,24],0.0
p_zt[16,1],0.0
p_zt[16,2],0.0
p_zt[16,3],1.0
p_zt[16,4],0.0
p_zt[16,5],1.0
p_zt[16,6],1.0
p_zt[16,7],1.0
p_zt[16,8],1.0
p_zt[16,9],1.0
p_zt[16,10],1.0
p_zt[16,11],1.0
p_zt[16,12],0.0
p_zt[16,13],0.0
p_zt[16,14],0.0
p_zt[16,15],1.0
p_zt[16,16],0.0
p_zt[16,17],1.0
p_zt[16,18],1.0
p_zt[16,19],1.0
p_zt[16,20],1.0
p_zt[16,21],1.0
p_zt[16,22],1.0
p_zt[16,23],1.0
p_zt[16,24],0.0
p_zt[17,1],0.0
p_zt[17,2],0.0
p_zt[17,3],1.0
p_zt[17,4],0.0
p_zt[17,5],1.0
p_zt[17,6],1.0
p_zt[17,7],1.0
p_zt[17,8],1.0
p_zt[17,9],1.0
p_zt[17,10],1.0
p_zt[17,11],1.0
p_zt[17,12],0.0
p_zt[17,13],0.0
p_zt[17,14],0.0
p_zt[17,15],1.0
p_zt[17,16],0.0
p_zt[17,17],1.0
p_zt[17,18],1.0
p_zt[17,19],1.0
p_zt[17,20],1.0
p_zt[17,21],1.0
p_zt[17,22],1.0
p_zt[17,23],1.0
p_zt[17,24],0.0
p_zt[18,1],0.0
p_zt[18,2],0.0
p_zt[18,3],1.0
p_zt[18,4],0.0
p_zt[18,5],1.0
p_zt[18,6],1.0
p_zt[18,7],1.0
p_zt[18,8],1.0
p_zt[18,9],1.0
p_zt[18,10],1.0
p_zt[18,11],1.0
p_zt[18,12],0.0
p_zt[18,13],0.0
p_zt[18,14],0.0
p_zt[18,15],1.0
p_zt[18,16],0.0
p_zt[18,17],1.0
p_zt[18,18],1.0
p_zt[18,19],1.0
p_zt[18,20],1.0
p_zt[18,21],1.0
p_zt[18,22],1.0
p_zt[18,23],1.0
p_zt[18,24],0.0
p_zt[19,1],0.0
p_zt[19,2],0.0
p_zt[19,3],1.0
p_zt[19,4],0.0
p_zt[19,5],1.0
p_zt[19,6],1.0
p_zt[19,7],1.0
p_zt[19,8],1.0
p_zt[19,9],1.0
p_zt[19,10],1.0
p_zt[19,11],1.0
p_zt[19,12],0.0
p_zt[19,13],0.0
p_zt[19,14],0.0
p_zt[19,15],1.0
p_zt[19,16],0.0
p_zt[19,17],1.0
p_zt[19,18],1.0
p_zt[19,19],1.0
p_zt[19,20],1.0
p_zt[19,21],1.0
p_zt[19,22],1.0
p_zt[19,23],1.0
p_zt[19,24],0.0
p_zt[20,1],0.0
p_zt[20,2],0.0
p_zt[20,3],1.0
p_zt[20,4],0.0
p_zt[20,5],1.0
p_zt[20,6],1.0
p_zt[20,7],1.0
p_zt[20,8],1.0
p_zt[20,9],1.0
p_zt[20,10],1.0
p_zt[20,11],1.0
p_zt[20,12],0.0
p_zt[20,13],0.0
p_zt[20,14],0.0
p_zt[20,15],1.0
p_zt[20,16],0.0
p_zt[20,17],1.0
p_zt[20,18],1.0
p_zt[20,19],1.0
p_zt[20,20],1.0
p_zt[20,21],1.0
p_zt[20,22],1.0
p_zt[20,23],1.0
p_zt[20,24],0.0
x_zt[1,1],0.0
x_zt[1,2],0.0
x_zt[1,3],0.0
x_zt[1,4],0.0
x_zt[1,5],528.2591247708873
x_zt[1,6],0.0
x_zt[1,7],0.0
x_zt[1,8],0.0
x_zt[1,9],0.0
x_zt[1,10],0.0
x_zt[1,11],0.0
x_zt[1,12],0.0
x_zt[1,13],0.0
x_zt[1,14],0.0
x_zt[1,15],0.0
x_zt[1,16],0.0
x_zt[1,17],0.0
x_zt[1,18],0.0
x_zt[1,19],0.0
x_zt[1,20],0.0
x_zt[1,21],0.0
x_zt[1,22],0.0
x_zt[1,23],0.0
x_zt[1,24],0.0
x_zt[2,1],0.0
x_zt[2,2],0.0
x_zt[2,3],0.0
x_zt[2,4],487.11023969597164
x_zt[2,5],0.0
x_zt[2,6],0.0
x_zt[2,7],0.0
x_zt[2,8],0.0
x_zt[2,9],0.0
x_zt[2,10],0.0
x_zt[2,11],0.0
x_zt[2,12],0.0
x_zt[2,13],0.0
x_zt[2,14],0.0
x_zt[2,15],0.0
x_zt[2,16],0.0
x_zt[2,17],0.0
x_zt[2,18],0.0
x_zt[2,19],0.0
x_zt[2,20],0.0
x_zt[2,21],0.0
x_zt[2,22],0.0
x_zt[2,23],0.0
x_zt[2,24],0.0
x_zt[3,1],0.0
x_zt[3,2],0.0
x_zt[3,3],0.0
x_zt[3,4],1068.3414838741378
x_zt[3,5],0.0
x_zt[3,6],0.0
x_zt[3,7],0.0
x_zt[3,8],0.0
x_zt[3,9],0.0
x_zt[3,10],0.0
x_zt[3,11],0.0
x_zt[3,12],0.0
x_zt[3,13],0.0
x_zt[3,14],0.0
x_zt[3,15],0.0
x_zt[3,16],0.0
x_zt[3,17],0.0
x_zt[3,18],0.0
x_zt[3,19],0.0
x_zt[3,20],0.0
x_zt[3,21],0.0
x_zt[3,22],0.0
x_zt[3,23],0.0
x_zt[3,24],0.0
x_zt[4,1],868.9181246558846
x_zt[4,2],0.0
x_zt[4,3],0.0
x_zt[4,4],0.0
x_zt[4,5],0.0
x_zt[4,6],0.0
x_zt[4,7],0.0
x_zt[4,8],0.0
x_zt[4,9],0.0
x_zt[4,10],0.0
x_zt[4,11],0.0
x_zt[4,12],0.0
x_zt[4,13],0.0
x_zt[4,14],0.0
x_zt[4,15],0.0
x_zt[4,16],0.0
x_zt[4,17],0.0
x_zt[4,18],0.0
x_zt[4,19],0.0
x_zt[4,20],0.0
x_zt[4,21],0.0
x_zt[4,22],0.0
x_zt[4,23],0.0
x_zt[4,24],0.0
x_zt[5,1],0.0
x_zt[5,2],711.0337590091591
x_zt[5,3],0.0
x_zt[5,4],0.0
x_zt[5,5],0.0
x_zt[5,6],0.0
x_zt[5,7],0.0
x_zt[5,8],0.0
x_zt[5,9],0.0
x_zt[5,10],0.0
x_zt[5,11],0.0
x_zt[5,12],0.0
x_zt[5,13],0.0
x_zt[5,14],0.0
x_zt[5,15],0.0
x_zt[5,16],0.0
x_zt[5,17],0.0
x_zt[5,18],0.0
x_zt[5,19],0.0
x_zt[5,20],0.0
x_zt[5,21],0.0
x_zt[5,22],0.0
x_zt[5,23],0.0
x_zt[5,24],0.0
x_zt[6,1],0.0
x_zt[6,2],1285.6672254487692
x_zt[6,3],0.0
x_zt[6,4],0.0
x_zt[6,5],0.0
x_zt[6,6],0.0
x_zt[6,7],0.0
x_zt[6,8],0.0
x_zt[6,9],0.0
x_zt[6,10],0.0
x_zt[6,11],0.0
x_zt[6,12],0.0
x_zt[6,13],0.0
x_zt[6,14],0.0
x_zt[6,15],0.0
x_zt[6,16],0.0
x_zt[6,17],0.0
x_zt[6,18],0.0
x_zt[6,19],0.0
x_zt[6,20],0.0
x_zt[6,21],0.0
x_zt[6,22],0.0
x_zt[6,23],0.0
x_zt[6,24],0.0
x_zt[7,1],0.0
x_zt[7,2],0.0
x_zt[7,3],713.2432662992192
x_zt[7,4],0.0
x_zt[7,5],0.0
x_zt[7,6],0.0
x_zt[7,7],0.0
x_zt[7,8],0.0
x_zt[7,9],0.0
x_zt[7,10],0.0
x_zt[7,11],0.0
x_zt[7,12],0.0
x_zt[7,13],0.0
x_zt[7,14],0.0
x_zt[7,15],0.0
x_zt[7,16],0.0
x_zt[7,17],0.0
x_zt[7,18],0.0
x_zt[7,19],0.0
x_zt[7,20],0.0
x_zt[7,21],0.0
x_zt[7,22],0.0
x_zt[7,23],0.0
x_zt[7,24],0.0
x_zt[8,1],0.0
x_zt[8,2],0.0
x_zt[8,3],0.0
x_zt[8,4],599.7719652868063
x_zt[8,5],0.0
x_zt[8,6],0.0
x_zt[8,7],0.0
x_zt[8,8],0.0
x_zt[8,9],0.0
x_zt[8,10],0.0
x_zt[8,11],0.0
x_zt[8,12],0.0
x_zt[8,13],0.0
x_zt[8,14],0.0
x_zt[8,15],0.0
x_zt[8,16],0.0
x_zt[8,17],0.0
x_zt[8,18],0.0
x_zt[8,19],0.0
x_zt[8,20],0.0
x_zt[8,21],0.0
x_zt[8,22],0.0
x_zt[8,23],0.0
x_zt[8,24],0.0
x_zt[9,1],0.0
x_zt[9,2],0.0
x_zt[9,3],359.857763363575
x_zt[9,4],0.0
x_zt[9,5],0.0
x_zt[9,6],0.0
x_zt[9,7],0.0
x_zt[9,8],0.0
x_zt[9,9],0.0
x_zt[9,10],0.0
x_zt[9,11],0.0
x_zt[9,12],0.0
x_zt[9,13],0.0
x_zt[9,14],0.0
x_zt[9,15],0.0
x_zt[9,16],0.0
x_zt[9,17],0.0
x_zt[9,18],0.0
x_zt[9,19],0.0
x_zt[9,20],0.0
x_zt[9,21],0.0
x_zt[9,22],0.0
x_zt[9,23],0.0
x_zt[9,24],0.0
x_zt[10,1],0.0
x_zt[10,2],0.0
x_zt[10,3],857.1680309741478
x_zt[10,4],0.0
x_zt[10,5],0.0
x_zt[10,6],0.0
x_zt[10,7],0.0
x_zt[10,8],0.0
x_zt[10,9],0.0
x_zt[10,10],0.0
x_zt[10,11],0.0
x_zt[10,12],0.0
x_zt[10,13],0.0
x_zt[10,14],0.0
x_zt[10,15],0.0
x_zt[10,16],0.0
x_zt[10,17],0.0
x_zt[10,18],0.0
x_zt[10,19],0.0
x_zt[10,20],0.0
x_zt[10,21],0.0
x_zt[10,22],0.0
x_zt[10,23],0.0
x_zt[10,24],0.0
x_zt[11,1],0.0
x_zt[11,2],0.0
x_zt[11,3],421.27720806767275
x_zt[11,4],0.0
x_zt[11,5],0.0
x_zt[11,6],0.0
x_zt[11,7],0.0
x_zt[11,8],0.0
x_zt[11,9],0.0
x_zt[11,10],0.0
x_zt[11,11],0.0
x_zt[11,12],0.0
x_zt[11,13],0.0
x_zt[11,14],0.0
x_zt[11,15],0.0
x_zt[11,16],0.0
x_zt[11,17],0.0
x_zt[11,18],0.0
x_zt[11,19],0.0
x_zt[11,20],0.0
x_zt[11,21],0.0
x_zt[11,22],0.0
x_zt[11,23],0.0
x_zt[11,24],0.0
x_zt[12,1],0.0
x_zt[12,2],686.4674402745163
x_zt[12,3],0.0
x_zt[12,4],0.0
x_zt[12,5],0.0
x_zt[12,6],0.0
x_zt[12,7],0.0
x_zt[12,8],0.0
x_zt[12,9],0.0
x_zt[12,10],0.0
x_zt[12,11],0.0
x_zt[12,12],0.0
x_zt[12,13],0.0
x_zt[12,14],0.0
x_zt[12,15],0.0
x_zt[12,16],0.0
x_zt[12,17],0.0
x_zt[12,18],0.0
x_zt[12,19],0.0
x_zt[12,20],0.0
x_zt[12,21],0.0
x_zt[12,22],0.0
x_zt[12,23],0.0
x_zt[12,24],0.0
x_zt[13,1],1079.4364590162863
x_zt[13,2],0.0
x_zt[13,3],0.0
x_zt[13,4],0.0
x_zt[13,5],0.0
x_zt[13,6],0.0
x_zt[13,7],0.0
x_zt[13,8],0.0
x_zt[13,9],0.0
x_zt[13,10],0.0
x_zt[13,11],0.0
x_zt[13,12],0.0
x_zt[13,13],0.0
x_zt[13,14],0.0
x_zt[13,15],0.0
x_zt[13,16],0.0
x_zt[13,17],0.0
x_zt[13,18],0.0
x_zt[13,19],0.0
x_zt[13,20],0.0
x_zt[13,21],0.0
x_zt[13,22],0.0
x_zt[13,23],0.0
x_zt[13,24],0.0
x_zt[14,1],0.0
x_zt[14,2],1119.4695478530082
x_zt[14,3],0.0
x_zt[14,4],0.0
x_zt[14,5],0.0
x_zt[14,6],0.0
x_zt[14,7],0.0
x_zt[14,8],0.0
x_zt[14,9],0.0
x_zt[14,10],0.0
x_zt[14,11],0.0
x_zt[14,12],0.0
x_zt[14,13],0.0
x_zt[14,14],0.0
x_zt[14,15],0.0
x_zt[14,16],0.0
x_zt[14,17],0.0
x_zt[14,18],0.0
x_zt[14,19],0.0
x_zt[14,20],0.0
x_zt[14,21],0.0
x_zt[14,22],0.0
x_zt[14,23],0.0
x_zt[14,24],0.0
x_zt[15,1],0.0
x_zt[15,2],0.0
x_zt[15,3],554.4494023178104
x_zt[15,4],0.0
x_zt[15,5],0.0
x_zt[15,6],0.0
x_zt[15,7],0.0
x_zt[15,8],0.0
x_zt[15,9],0.0
x_zt[15,10],0.0
x_zt[15,11],0.0
x_zt[15,12],0.0
x_zt[15,13],0.0
x_zt[15,14],0.0
x_zt[15,15],0.0
x_zt[15,16],0.0
x_zt[15,17],0.0
x_zt[15,18],0.0
x_zt[15,19],0.0
x_zt[15,20],0.0
x_zt[15,21],0.0
x_zt[15,22],0.0
x_zt[15,23],0.0
x_zt[15,24],0.0
x_zt[16,1],0.0
x_zt[16,2],1031.6670724728594
x_zt[16,3],0.0
x_zt[16,4],0.0
x_zt[16,5],0.0
x_zt[16,6],0.0
x_zt[16,7],0.0
x_zt[16,8],0.0
x_zt[16,9],0.0
x_zt[16,10],0.0
x_zt[16,11],0.0
x_zt[16,12],0.0
x_zt[16,13],0.0
x_zt[16,14],0.0
x_zt[16,15],0.0
x_zt[16,16],0.0
x_zt[16,17],0.0
x_zt[16,18],0.0
x_zt[16,19],0.0
x_zt[16,20],0.0
x_zt[16,21],0.0
x_zt[16,22],0.0
x_zt[16,23],0.0
x_zt[16,24],0.0
x_zt[17,1],0.0
x_zt[17,2],0.0
x_zt[17,3],390.99622842833963
x_zt[17,4],0.0
x_zt[17,5],0.0
x_zt[17,6],0.0
x_zt[17,7],0.0
x_zt[17,8],0.0
x_zt[17,9],0.0
x_zt[17,10],0.0
x_zt[17,11],0.0
x_zt[17,12],0.0
x_zt[17,13],0.0
x_zt[17,14],0.0
x_zt[17,15],0.0
x_zt[17,16],0.0
x_zt[17,17],0.0
x_zt[17,18],0.0
x_zt[17,19],0.0
x_zt[17,20],0.0
x_zt[17,21],0.0
x_zt[17,22],0.0
x_zt[17,23],0.0
x_zt[17,24],0.0
x_zt[18,1],0.0
x_zt[18,2],0.0
x_zt[18,3],1253.481375817558
x_zt[18,4],0.0
x_zt[18,5],0.0
x_zt[18,6],0.0
x_zt[18,7],0.0
x_zt[18,8],0.0
x_zt[18,9],0.0
x_zt[18,10],0.0
x_zt[18,11],0.0
x_zt[18,12],0.0
x_zt[18,13],0.0
x_zt[18,14],0.0
x_zt[18,15],0.0
x_zt[18,16],0.0
x_zt[18,17],0.0
x_zt[18,18],0.0
x_zt[18,19],0.0
x_zt[18,20],0.0
x_zt[18,21],0.0
x_zt[18,22],0.0
x_zt[18,23],0.0
x_zt[18,24],0.0
x_zt[19,1],0.0
x_zt[19,2],0.0
x_zt[19,3],1301.4735810622972
x_zt[19,4],0.0
x_zt[19,5],0.0
x_zt[19,6],0.0
x_zt[19,7],0.0
x_zt[19,8],0.0
x_zt[19,9],0.0
x_zt[19,10],0.0
x_zt[19,11],0.0
x_zt[19,12],0.0
x_zt[19,13],0.0
x_zt[19,14],0.0
x_zt[19,15],0.0
x_zt[19,16],0.0
x_zt[19,17],0.0
x_zt[19,18],0.0
x_zt[19,19],0.0
x_zt[19,20],0.0
x_zt[19,21],0.0
x_zt[19,22],0.0
x_zt[19,23],0.0
x_zt[19,24],0.0
x_zt[20,1],635.266074774843
x_zt[20,2],0.0
x_zt[20,3],0.0
x_zt[20,4],0.0
x_zt[20,5],0.0
x_zt[20,6],0.0
x_zt[20,7],0.0
x_zt[20,8],0.0
x_zt[20,9],0.0
x_zt[20,10],0.0
x_zt[20,11],0.0
x_zt[20,12],0.0
x_zt[20,13],0.0
x_zt[20,14],0.0
x_zt[20,15],0.0
x_zt[20,16],0.0
x_zt[20,17],0.0
x_zt[20,18],0.0
x_zt[20,19],0.0
x_zt[20,20],0.0
x_zt[20,21],0.0
x_zt[20,22],0.0
x_zt[20,23],0.0
x_zt[20,24],0.0
b_zt[1,1],0.0
b_zt[1,2],0.0
b_zt[1,3],0.0
b_zt[1,4],0.0
b_zt[1,5],1.0
b_zt[1,6],1.0
b_zt[1,7],1.0
b_zt[1,8],1.0
b_zt[1,9],1.0
b_zt[1,10],1.0
b_zt[1,11],1.0
b_zt[1,12],0.0
b_zt[1,13],0.0
b_zt[1,14],0.0
b_zt[1,15],0.0
b_zt[1,16],0.0
b_zt[1,17],1.0
b_zt[1,18],1.0
b_zt[1,19],1.0
b_zt[1,20],1.0
b_zt[1,21],1.0
b_zt[1,22],1.0
b_zt[1,23],1.0
b_zt[1,24],0.0
b_zt[2,1],0.0
b_zt[2,2],0.0
b_zt[2,3],0.0
b_zt[2,4],0.0
b_zt[2,5],1.0
b_zt[2,6],1.0
b_zt[2,7],1.0
b_zt[2,8],1.0
b_zt[2,9],1.0
b_zt[2,10],1.0
b_zt[2,11],1.0
b_zt[2,12],0.0
b_zt[2,13],0.0
b_zt[2,14],0.0
b_zt[2,15],0.0
b_zt[2,16],0.0
b_zt[2,17],1.0
b_zt[2,18],1.0
b_zt[2,19],1.0
b_zt[2,20],1.0
b_zt[2,21],1.0
b_zt[2,22],1.0
b_zt[2,23],1.0
b_zt[2,24],0.0
b_zt[3,1],0.0
b_zt[3,2],0.0
b_zt[3,3],0.0
b_zt[3,4],0.0
b_zt[3,5],1.0
b_zt[3,6],1.0
b_zt[3,7],1.0
b_zt[3,8],1.0
b_zt[3,9],1.0
b_zt[3,10],1.0
b_zt[3,11],1.0
b_zt[3,12],0.0
b_zt[3,13],0.0
b_zt[3,14],0.0
b_zt[3,15],0.0
b_zt[3,16],0.0
b_zt[3,17],1.0
b_zt[3,18],1.0
b_zt[3,19],1.0
b_zt[3,20],1.0
b_zt[3,21],1.0
b_zt[3,22],1.0
b_zt[3,23],1.0
b_zt[3,24],0.0
b_zt[4,1],0.0
b_zt[4,2],0.0
b_zt[4,3],0.0
b_zt[4,4],0.0
b_zt[4,5],1.0
b_zt[4,6],1.0
b_zt[4,7],1.0
b_zt[4,8],1.0
b_zt[4,9],1.0
b_zt[4,10],1.0
b_zt[4,11],1.0
b_zt[4,12],0.0
b_zt[4,13],0.0
b_zt[4,14],0.0
b_zt[4,15],0.0
b_zt[4,16],0.0
b_zt[4,17],1.0
b_zt[4,18],1.0
b_zt[4,19],1.0
b_zt[4,20],1.0
b_zt[4,21],1.0
b_zt[4,22],1.0
b_zt[4,23],1.0
b_zt[4,24],0.0
b_zt[5,1],0.0
b_zt[5,2],0.0
b_zt[5,3],0.0
b_zt[5,4],0.0
b_zt[5,5],1.0
b_zt[5,6],1.0
b_zt[5,7],1.0
b_zt[5,8],1.0
b_zt[5,9],1.0
b_zt[5,10],1.0
b_zt[5,11],1.0
b_zt[5,12],0.0
b_zt[5,13],0.0
b_zt[5,14],0.0
b_zt[5,15],0.0
b_zt[5,16],0.0
b_zt[5,17],1.0
b_zt[5,18],1.0
b_zt[5,19],1.0
b_zt[5,20],1.0
b_zt[5,21],1.0
b_zt[5,22],1.0
b_zt[5,23],1.0
b_zt[5,24],0.0
b_zt[6,1],0.0
b_zt[6,2],0.0
b_zt[6,3],0.0
b_zt[6,4],0.0
b_zt[6,5],1.0
b_zt[6,6],1.0
b_zt[6,7],1.0
b_zt[6,8],1.0
b_zt[6,9],1.0
b_zt[6,10],1.0
b_zt[6,11],1.0
b_zt[6,12],0.0
b_zt[6,13],0.0
b_zt[6,14],0.0
b_zt[6,15],0.0
b_zt[6,16],0.0
b_zt[6,17],1.0
b_zt[6,18],1.0
b_zt[6,19],1.0
b_zt[6,20],1.0
b_zt[6,21],1.0
b_zt[6,22],1.0
b_zt[6,23],1.0
b_zt[6,24],0.0
b_zt[7,1],0.0
b_zt[7,2],0.0
b_zt[7,3],0.0
b_zt[7,4],0.0
b_zt[7,5],1.0
b_zt[7,6],1.0
b_zt[7,7],1.0
b_zt[7,8],1.0
b_zt[7,9],1.0
b_zt[7,10],1.0
b_zt[7,11],1.0
b_zt[7,12],0.0
b_zt[7,13],0.0
b_zt[7,14],0.0
b_zt[7,15],0.0
b_zt[7,16],0.0
b_zt[7,17],1.0
b_zt[7,18],1.0
b_zt[7,19],1.0
b_zt[7,20],1.0
b_zt[7,21],1.0
b_zt[7,22],1.0
b_zt[7,23],1.0
b_zt[7,24],0.0
b_zt[8,1],0.0
b_zt[8,2],0.0
b_zt[8,3],0.0
b_zt[8,4],0.0
b_zt[8,5],1.0
b_zt[8,6],1.0
b_zt[8,7],1.0
b_zt[8,8],1.0
b_zt[8,9],1.0
b_zt[8,10],1.0
b_zt[8,11],1.0
b_zt[8,12],0.0
b_zt[8,13],0.0
b_zt[8,14],0.0
b_zt[8,15],0.0
b_zt[8,16],0.0
b_zt[8,17],1.0
b_zt[8,18],1.0
b_zt[8,19],1.0
b_zt[8,20],1.0
b_zt[8,21],1.0
b_zt[8,22],1.0
b_zt[8,23],1.0
b_zt[8,24],0.0
b_zt[9,1],0.0
b_zt[9,2],0.0
b_zt[9,3],0.0
b_zt[9,4],0.0
b_zt[9,5],1.0
b_zt[9,6],1.0
b_zt[9,7],1.0
b_zt[9,8],1.0
b_zt[9,9],1.0
b_zt[9,10],1.0
b_zt[9,11],1.0
b_zt[9,12],0.0
b_zt[9,13],0.0
b_zt[9,14],0.0
b_zt[9,15],0.0
b_zt[9,16],0.0
b_zt[9,17],1.0
b_zt[9,18],1.0
b_zt[9,19],1.0
b_zt[9,20],1.0
b_zt[9,21],1.0
b_zt[9,22],1.0
b_zt[9,23],1.0
b_zt[9,24],0.0
b_zt[10,1],0.0
b_zt[10,2],0.0
b_zt[10,3],0.0
b_zt[10,4],0.0
b_zt[10,5],1.0
b_zt[10,6],1.0
b_zt[10,7],1.0
b_zt[10,8],1.0
b_zt[10,9],1.0
b_zt[10,10],1.0
b_zt[10,11],1.0
b_zt[10,12],0.0
b_zt[10,13],0.0
b_zt[10,14],0.0
b_zt[10,15],0.0
b_zt[10,16],0.0
b_zt[10,17],1.0
b_zt[10,18],1.0
b_zt[10,19],1.0
b_zt[10,20],1.0
b_zt[10,21],1.0
b_zt[10,22],1.0
b_zt[10,23],1.0
b_zt[10,24],0.0
b_zt[11,1],0.0
b_zt[11,2],0.0
b_zt[11,3],1.0
b_zt[11,4],0.0
b_zt[11,5],1.0
b_zt[11,6],1.0
b_zt[11,7],1.0
b_zt[11,8],1.0
b_zt[11,9],1.0
b_zt[11,10],1.0
b_zt[11,11],1.0
b_zt[11,12],0.0
b_zt[11,13],0.0
b_zt[11,14],0.0
b_zt[11,15],1.0
b_zt[11,16],0.0
b_zt[11,17],1.0
b_zt[11,18],1.0
b_zt[11,19],1.0
b_zt[11,20],1.0
b_zt[11,21],1.0
b_zt[11,22],1.0
b_zt[11,23],1.0
b_zt[11,24],0.0
b_zt[12,1],0.0
b_zt[12,2],0.0
b_zt[12,3],1.0
b_zt[12,4],0.0
b_zt[12,5],1.0
b_zt[12,6],1.0
b_zt[12,7],1.0
b_zt[12,8],1.0
b_zt[12,9],1.0
b_zt[12,10],1.0
b_zt[12,11],1.0
b_zt[12,12],0.0
b_zt[12,13],0.0
b_zt[12,14],0.0
b_zt[12,15],1.0
b_zt[12,16],0.0
b_zt[12,17],1.0
b_zt[12,18],1.0
b_zt[12,19],1.0
b_zt[12,20],1.0
b_zt[12,21],1.0
b_zt[12,22],1.0
b_zt[12,23],1.0
b_zt[12,24],0.0
b_zt[13,1],0.0
b_zt[13,2],0.0
b_zt[13,3],1.0
b_zt[13,4],0.0
b_zt[13,5],1.0
b_zt[13,6],1.0
b_zt[13,7],1.0
b_zt[13,8],1.0
b_zt[13,9],1.0
b_zt[13,10],1.0
b_zt[13,11],1.0
b_zt[13,12],0.0
b_zt[13,13],0.0
b_zt[13,14],0.0
b_zt[13,15],1.0
b_zt[13,16],0.0
b_zt[13,17],1.0
b_zt[13,18],1.0
b_zt[13,19],1.0
b_zt[13,20],1.0
b_zt[13,21],1.0
b_zt[13,22],1.0
b_zt[13,23],1.0
b_zt[13,24],0.0
b_zt[14,1],0.0
b_zt[14,2],0.0
b_zt[14,3],1.0
b_zt[14,4],0.0
b_zt[14,5],1.0
b_zt[14,6],1.0
b_zt[14,7],1.0
b_zt[14,8],1.0
b_zt[14,9],1.0
b_zt[14,10],1.0
b_zt[14,11],1.0
b_zt[14,12],0.0
b_zt[14,13],0.0
b_zt[14,14],0.0
b_zt[14,15],1.0
b_zt[14,16],0.0
b_zt[14,17],1.0
b_zt[14,18],1.0
b_zt[14,19],1.0
b_zt[14,20],1.0
b_zt[14,21],1.0
b_zt[14,22],1.0
b_zt[14,23],1.0
b_zt[14,24],0.0
b_zt[15,1],0.0
b_zt[15,2],0.0
b_zt[15,3],1.0
b_zt[15,4],0.0
b_zt[15,5],1.0
b_zt[15,6],1.0
b_zt[15,7],1.0
b_zt[15,8],1.0
b_zt[15,9],1.0
b_zt[15,10],1.0
b_zt[15,11],1.0
b_zt[15,12],0.0
b_zt[15,13],0.0
b_zt[15,14],0.0
b_zt[15,15],1.0
b_zt[15,16],0.0
b_zt[15,17],1.0
b_zt[15,18],1.0
b_zt[15,19],1.0
b_zt[15,20],1.0
b_zt[15,21],1.0
b_zt[15,22],1.0
b_zt[15,23],1.0
b_zt[15,24],0.0
b_zt[16,1],0.0
b_zt[16,2],0.0
b_zt[16,3],1.0
b_zt[16,4],0.0
b_zt[16,5],1.0
b_zt[16,6],1.0
b_zt[16,7],1.0
b_zt[16,8],1.0
b_zt[16,9],1.0
b_zt[16,10],1.0
b_zt[16,11],1.0
b_zt[16,12],0.0
b_zt[16,13],0.0
b_zt[16,14],0.0
b_zt[16,15],1.0
b_zt[16,16],0.0
b_zt[16,17],1.0
b_zt[16,18],1.0
b_zt[16,19],1.0
b_zt[16,20],1.0
b_zt[16,21],1.0
b_zt[16,22],1.0
b_zt[16,23],1.0
b_zt[16,24],0.0
b_zt[17,1],0.0
b_zt[17,2],0.0
b_zt[17,3],1.0
b_zt[17,4],0.0
b_zt[17,5],1.0
b_zt[17,6],1.0
b_zt[17,7],1.0
b_zt[17,8],1.0
b_zt[17,9],1.0
b_zt[17,10],1.0
b_zt[17,11],1.0
b_zt[17,12],0.0
b_zt[17,13],0.0
b_zt[17,14],0.0
b_zt[17,15],1.0
b_zt[17,16],0.0
b_zt[17,17],1.0
b_zt[17,18],1.0
b_zt[17,19],1.0
b_zt[17,20],1.0
b_zt[17,21],1.0
b_zt[17,22],1.0
b_zt[17,23],1.0
b_zt[17,24],0.0
b_zt[18,1],0.0
b_zt[18,2],0.0
b_zt[18,3],1.0
b_zt[18,4],0.0
b_zt[18,5],1.0
b_zt[18,6],1.0
b_zt[18,7],1.0
b_zt[18,8],1.0
b_zt[18,9],1.0
b_zt[18,10],1.0
b_zt[18,11],1.0
b_zt[18,12],0.0
b_zt[18,13],0.0
b_zt[18,14],0.0
b_zt[18,15],1.0
b_zt[18,16],0.0
b_zt[18,17],1.0
b_zt[18,18],1.0
b_zt[18,19],1.0
b_zt[18,20],1.0
b_zt[18,21],1.0
b_zt[18,22],1.0
b_zt[18,23],1.0
b_zt[18,24],0.0
b_zt[19,1],0.0
b_zt[19,2],0.0
b_zt[19,3],1.0
b_zt[19,4],0.0
b_zt[19,5],1.0
b_zt[19,6],1.0
b_zt[19,7],1.0
b_zt[19,8],1.0
b_zt[19,9],1.0
b_zt[19,10],1.0
b_zt[19,11],1.0
b_zt[19,12],0.0
b_zt[19,13],0.0
b_zt[19,14],0.0
b_zt[19,15],1.0
b_zt[19,16],0.0
b_zt[19,17],1.0
b_zt[19,18],1.0
b_zt[19,19],1.0
b_zt[19,20],1.0
b_zt[19,21],1.0
b_zt[19,22],1.0
b_zt[19,23],1.0
b_zt[19,24],0.0
b_zt[20,1],0.0
b_zt[20,2],0.0
b_zt[20,3],1.0
b_zt[20,4],0.0
b_zt[20,5],1.0
b_zt[20,6],1.0
b_zt[20,7],1.0
b_zt[20,8],1.0
b_zt[20,9],1.0
b_zt[20,10],1.0
b_zt[20,11],1.0
b_zt[20,12],0.0
b_zt[20,13],0.0
b_zt[20,14],0.0
b_zt[20,15],1.0
b_zt[20,16],0.0
b_zt[20,17],1.0
b_zt[20,18],1.0
b_zt[20,19],1.0
b_zt[20,20],1.0
b_zt[20,21],1.0
b_zt[20,22],1.0
b_zt[20,23],1.0
b_zt[20,24],0.0
r_zt[1,1],1.0
r_zt[1,2],0.0
r_zt[1,3],0.0
r_zt[1,4],0.0
r_zt[1,5],0.0
r_zt[1,6],0.0
r_zt[1,7],0.0
r_zt[1,8],0.0
r_zt[1,9],0.0
r_zt[1,10],0.0
r_zt[1,11],0.0
r_zt[1,12],0.0
r_zt[1,13],0.0
r_zt[1,14],0.0
r_zt[1,15],0.0
r_zt[1,16],0.0
r_zt[1,17],0.0
r_zt[1,18],0.0
r_zt[1,19],0.0
r_zt[1,20],0.0
r_zt[1,21],0.0
r_zt[1,22],0.0
r_zt[1,23],0.0
r_zt[1,24],0.0
r_zt[2,1],1.0
r_zt[2,2],0.0
r_zt[2,3],0.0
r_zt[2,4],0.0
r_zt[2,5],0.0
r_zt[2,6],0.0
r_zt[2,7],0.0
r_zt[2,8],0.0
r_zt[2,9],0.0
r_zt[2,10],0.0
r_zt[2,11],0.0
r_zt[2,12],0.0
r_zt[2,13],0.0
r_zt[2,14],0.0
r_zt[2,15],0.0
r_zt[2,16],0.0
r_zt[2,17],0.0
r_zt[2,18],0.0
r_zt[2,19],0.0
r_zt[2,20],0.0
r_zt[2,21],0.0
r_zt[2,22],0.0
r_zt[2,23],0.0
r_zt[2,24],0.0
r_zt[3,1],1.0
r_zt[3,2],0.0
r_zt[3,3],0.0
r_zt[3,4],0.0
r_zt[3,5],0.0
r_zt[3,6],0.0
r_zt[3,7],0.0
r_zt[3,8],0.0
r_zt[3,9],0.0
r_zt[3,10],0.0
r_zt[3,11],0.0
r_zt[3,12],0.0
r_zt[3,13],0.0
r_zt[3,14],0.0
r_zt[3,15],0.0
r_zt[3,16],0.0
r_zt[3,17],0.0
r_zt[3,18],0.0
r_zt[3,19],0.0
r_zt[3,20],0.0
r_zt[3,21],0.0
r_zt[3,22],0.0
r_zt[3,23],0.0
r_zt[3,24],0.0
r_zt[4,1],1.0
r_zt[4,2],0.0
r_zt[4,3],0.0
r_zt[4,4],0.0
r_zt[4,5],0.0
r_zt[4,6],0.0
r_zt[4,7],0.0
r_zt[4,8],0.0
r_zt[4,9],0.0
r_zt[4,10],0.0
r_zt[4,11],0.0
r_zt[4,12],0.0
r_zt[4,13],0.0
r_zt[4,14],0.0
r_zt[4,15],0.0
r_zt[4,16],0.0
r_zt[4,17],0.0
r_zt[4,18],0.0
r_zt[4,19],0.0
r_zt[4,20],0.0
r_zt[4,21],0.0
r_zt[4,22],0.0
r_zt[4,23],0.0
r_zt[4,24],0.0
r_zt[5,1],1.0
r_zt[5,2],0.0
r_zt[5,3],0.0
r_zt[5,4],0.0
r_zt[5,5],0.0
r_zt[5,6],0.0
r_zt[5,7],0.0
r_zt[5,8],0.0
r_zt[5,9],0.0
r_zt[5,10],0.0
r_zt[5,11],0.0
r_zt[5,12],0.0
r_zt[5,13],0.0
r_zt[5,14],0.0
r_zt[5,15],0.0
r_zt[5,16],0.0
r_zt[5,17],0.0
r_zt[5,18],0.0
r_zt[5,19],0.0
r_zt[5,20],0.0
r_zt[5,21],0.0
r_zt[5,22],0.0
r_zt[5,23],0.0
r_zt[5,24],0.0
r_zt[6,1],1.0
r_zt[6,2],0.0
r_zt[6,3],0.0
r_zt[6,4],0.0
r_zt[6,5],0.0
r_zt[6,6],0.0
r_zt[6,7],0.0
r_zt[6,8],0.0
r_zt[6,9],0.0
r_zt[6,10],0.0
r_zt[6,11],0.0
r_zt[6,12],0.0
r_zt[6,13],0.0
r_zt[6,14],0.0
r_zt[6,15],0.0
r_zt[6,16],0.0
r_zt[6,17],0.0
r_zt[6,18],0.0
r_zt[6,19],0.0
r_zt[6,20],0.0
r_zt[6,21],0.0
r_zt[6,22],0.0
r_zt[6,23],0.0
r_zt[6,24],0.0
r_zt[7,1],1.0
r_zt[7,2],0.0
r_zt[7,3],0.0
r_zt[7,4],0.0
r_zt[7,5],0.0
r_zt[7,6],0.0
r_zt[7,7],0.0
r_zt[7,8],0.0
r_zt[7,9],0.0
r_zt[7,10],0.0
r_zt[7,11],0.0
r_zt[7,12],0.0
r_zt[7,13],0.0
r_zt[7,14],0.0
r_zt[7,15],0.0
r_zt[7,16],0.0
r_zt[7,17],0.0
r_zt[7,18],0.0
r_zt[7,19],0.0
r_zt[7,20],0.0
r_zt[7,21],0.0
r_zt[7,22],0.0
r_zt[7,23],0.0
r_zt[7,24],0.0
r_zt[8,1],1.0
r_zt[8,2],0.0
r_zt[8,3],0.0
r_zt[8,4],0.0
r_zt[8,5],0.0
r_zt[8,6],0.0
r_zt[8,7],0.0
r_zt[8,8],0.0
r_zt[8,9],0.0
r_zt[8,10],0.0
r_zt[8,11],0.0
r_zt[8,12],0.0
r_zt[8,13],0.0
r_zt[8,14],0.0
r_zt[8,15],0.0
r_zt[8,16],0.0
r_zt[8,17],0.0
r_zt[8,18],0.0
r_zt[8,19],0.0
r_zt[8,20],0.0
r_zt[8,21],0.0
r_zt[8,22],0.0
r_zt[8,23],0.0
r_zt[8,24],0.0
r_zt[9,1],1.0
r_zt[9,2],0.0
r_zt[9,3],0.0
r_zt[9,4],0.0
r_zt[9,5],0.0
r_zt[9,6],0.0
r_zt[9,7],0.0
r_zt[9,8],0.0
r_zt[9,9],0.0
r_zt[9,10],0.0
r_zt[9,11],0.0
r_zt[9,12],0.0
r_zt[9,13],0.0
r_zt[9,14],0.0
r_zt[9,15],0.0
r_zt[9,16],0.0
r_zt[9,17],0.0
r_zt[9,18],0.0
r_zt[9,19],0.0
r_zt[9,20],0.0
r_zt[9,21],0.0
r_zt[9,22],0.0
r_zt[9,23],0.0
r_zt[9,24],0.0
r_zt[10,1],1.0
r_zt[10,2],0.0
r_zt[10,3],0.0
r_zt[10,4],0.0
r_zt[10,5],0.0
r_zt[10,6],0.0
r_zt[10,7],0.0
r_zt[10,8],0.0
r_zt[10,9],0.0
r_zt[10,10],0.0
r_zt[10,11],0.0
r_zt[10,12],0.0
r_zt[10,13],0.0
r_zt[10,14],0.0
r_zt[10,15],0.0
r_zt[10,16],0.0
r_zt[10,17],0.0
r_zt[10,18],0.0
r_zt[10,19],0.0
r_zt[10,20],0.0
r_zt[10,21],0.0
r_zt[10,22],0.0
r_zt[10,23],0.0
r_zt[10,24],0.0
r_zt[11,1],1.0
r_zt[11,2],0.0
r_zt[11,3],0.0
r_zt[11,4],0.0
r_zt[11,5],0.0
r_zt[11,6],0.0
r_zt[11,7],0.0
r_zt[11,8],0.0
r_zt[11,9],0.0
r_zt[11,10],0.0
r_zt[11,11],0.0
r_zt[11,12],0.0
r_zt[11,13],0.0
r_zt[11,14],0.0
r_zt[11,15],0.0
r_zt[11,16],0.0
r_zt[11,17],0.0
r_zt[11,18],0.0
r_zt[11,19],0.0
r_zt[11,20],0.0
r_zt[11,21],0.0
r_zt[11,22],0.0
r_zt[11,23],0.0
r_zt[11,24],0.0
r_zt[12,1],1.0
r_zt[12,2],0.0
r_zt[12,3],0.0
r_zt[12,4],0.0
r_zt[12,5],0.0
r_zt[12,6],0.0
r_zt[12,7],0.0
r_zt[12,8],0.0
r_zt[12,9],0.0
r_zt[12,10],0.0
r_zt[12,11],0.0
r_zt[12,12],0.0
r_zt[12,13],0.0
r_zt[12,14],0.0
r_zt[12,15],0.0
r_zt[12,16],0.0
r_zt[12,17],0.0
r_zt[12,18],0.0
r_zt[12,19],0.0
r_zt[12,20],0.0
r_zt[12,21],0.0
r_zt[12,22],0.0
r_zt[12,23],0.0
r_zt[12,24],0.0
r_zt[13,1],1.0
r_zt[13,2],0.0
r_zt[13,3],0.0
r_zt[13,4],0.0
r_zt[13,5],0.0
r_zt[13,6],0.0
r_zt[13,7],0.0
r_zt[13,8],0.0
r_zt[13,9],0.0
r_zt[13,10],0.0
r_zt[13,11],0.0
r_zt[13,12],0.0
r_zt[13,13],0.0
r_zt[13,14],0.0
r_zt[13,15],0.0
r_zt[13,16],0.0
r_zt[13,17],0.0
r_zt[13,18],0.0
r_zt[13,19],0.0
r_zt[13,20],0.0
r_zt[13,21],0.0
r_zt[13,22],0.0
r_zt[13,23],0.0
r_zt[13,24],0.0
r_zt[14,1],1.0
r_zt[14,2],0.0
r_zt[14,3],0.0
r_zt[14,4],0.0
r_zt[14,5],0.0
r_zt[14,6],0.0
r_zt[14,7],0.0
r_zt[14,8],0.0
r_zt[14,9],0.0
r_zt[14,10],0.0
r_zt[14,11],0.0
r_zt[14,12],0.0
r_zt[14,13],0.0
r_zt[14,14],0.0
r_zt[14,15],0.0
r_zt[14,16],0.0
r_zt[14,17],0.0
r_zt[14,18],0.0
r_zt[14,19],0.0
r_zt[14,20],0.0
r_zt[14,21],0.0
r_zt[14,22],0.0
r_zt[14,23],0.0
r_zt[14,24],0.0
r_zt[15,1],1.0
r_zt[15,2],0.0
r_zt[15,3],0.0
r_zt[15,4],0.0
r_zt[15,5],0.0
r_zt[15,6],0.0
r_zt[15,7],0.0
r_zt[15,8],0.0
r_zt[15,9],0.0
r_zt[15,10],0.0
r_zt[15,11],0.0
r_zt[15,12],0.0
r_zt[15,13],0.0
r_zt[15,14],0.0
r_zt[15,15],0.0
r_zt[15,16],0.0
r_zt[15,17],0.0
r_zt[15,18],0.0
r_zt[15,19],0.0
r_zt[15,20],0.0
r_zt[15,21],0.0
r_zt[15,22],0.0
r_zt[15,23],0.0
r_zt[15,24],0.0
r_zt[16,1],1.0
r_zt[16,2],0.0
r_zt[16,3],0.0
r_zt[16,4],0.0
r_zt[16,5],0.0
r_zt[16,6],0.0
r_zt[16,7],0.0
r_zt[16,8],0.0
r_zt[16,9],0.0
r_zt[16,10],0.0
r_zt[16,11],0.0
r_zt[16,12],0.0
r_zt[16,13],0.0
r_zt[16,14],0.0
r_zt[16,15],0.0
r_zt[16,16],0.0
r_zt[16,17],0.0
r_zt[16,18],0.0
r_zt[16,19],0.0
r_zt[16,20],0.0
r_zt[16,21],0.0
r_zt[16,22],0.0
r_zt[16,23],0.0
r_zt[16,24],0.0
r_zt[17,1],1.0
r_zt[17,2],0.0
r_zt[17,3],0.0
r_zt[17,4],0.0
r_zt[17,5],0.0
r_zt[17,6],0.0
r_zt[17,7],0.0
r_zt[17,8],0.0
r_zt[17,9],0.0
r_zt[17,10],0.0
r_zt[17,11],0.0
r_zt[17,12],0.0
r_zt[17,13],0.0
r_zt[17,14],0.0
r_zt[17,15],0.0
r_zt[17,16],0.0
r_zt[17,17],0.0
r_zt[17,18],0.0
r_zt[17,19],0.0
r_zt[17,20],0.0
r_zt[17,21],0.0
r_zt[17,22],0.0
r_zt[17,23],0.0
r_zt[17,24],0.0
r_zt[18,1],1.0
r_zt[18,2],0.0
r_zt[18,3],0.0
r_zt[18,4],0.0
r_zt[18,5],0.0
r_zt[18,6],0.0
r_zt[18,7],0.0
r_zt[18,8],0.0
r_zt[18,9],0.0
r_zt[18,10],0.0
r_zt[18,11],0.0
r_zt[18,12],0.0
r_zt[18,13],0.0
r_zt[18,14],0.0
r_zt[18,15],0.0
r_zt[18,16],0.0
r_zt[18,17],0.0
r_zt[18,18],0.0
r_zt[18,19],0.0
r_zt[18,20],0.0
r_zt[18,21],0.0
r_zt[18,22],0.0
r_zt[18,23],0.0
r_zt[18,24],0.0
r_zt[19,1],1.0
r_zt[19,2],0.0
r_zt[19,3],0.0
r_zt[19,4],0.0
r_zt[19,5],0.0
r_zt[19,6],0.0
r_zt[19,7],0.0
r_zt[19,8],0.0
r_zt[19,9],0.0
r_zt[19,10],0.0
r_zt[19,11],0.0
r_zt[19,12],0.0
r_zt[19,13],0.0
r_zt[19,14],0.0
r_zt[19,15],0.0
r_zt[19,16],0.0
r_zt[19,17],0.0
r_zt[19,18],0.0
r_zt[19,19],0.0
r_zt[19,20],0.0
r_zt[19,21],0.0
r_zt[19,22],0.0
r_zt[19,23],0.0
r_zt[19,24],0.0
r_zt[20,1],1.0
r_zt[20,2],0.0
r_zt[20,3],0.0
r_zt[20,4],0.0
r_zt[20,5],0.0
r_zt[20,6],0.0
r_zt[20,7],0.0
r_zt[20,8],0.0
r_zt[20,9],0.0
r_zt[20,10],0.0
r_zt[20,11],0.0
r_zt[20,12],0.0
r_zt[20,13],0.0
r_zt[20,14],0.0
r_zt[20,15],0.0
r_zt[20,16],0.0
r_zt[20,17],0.0
r_zt[20,18],0.0
r_zt[20,19],0.0
r_zt[20,20],0.0
r_zt[20,21],0.0
r_zt[20,22],0.0
r_zt[20,23],0.0
r_zt[20,24],0.0
s_zt[1,1],0.0
s_zt[1,2],0.0
s_zt[1,3],0.0
s_zt[1,4],0.0
s_zt[1,5],1.0
s_zt[1,6],1.0
s_zt[1,7],1.0
s_zt[1,8],1.0
s_zt[1,9],1.0
s_zt[1,10],1.0
s_zt[1,11],1.0
s_zt[1,12],0.0
s_zt[1,13],0.0
s_zt[1,14],0.0
s_zt[1,15],0.0
s_zt[1,16],0.0
s_zt[1,17],1.0
s_zt[1,18],1.0
s_zt[1,19],1.0
s_zt[1,20],1.0
s_zt[1,21],1.0
s_zt[1,22],1.0
s_zt[1,23],1.0
s_zt[1,24],0.0
s_zt[2,1],0.0
s_zt[2,2],0.0
s_zt[2,3],0.0
s_zt[2,4],0.0
s_zt[2,5],1.0
s_zt[2,6],1.0
s_zt[2,7],1.0
s_zt[2,8],1.0
s_zt[2,9],1.0
s_zt[2,10],1.0
s_zt[2,11],1.0
s_zt[2,12],0.0
s_zt[2,13],0.0
s_zt[2,14],0.0
s_zt[2,15],0.0
s_zt[2,16],0.0
s_zt[2,17],1.0
s_zt[2,18],1.0
s_zt[2,19],1.0
s_zt[2,20],1.0
s_zt[2,21],1.0
s_zt[2,22],1.0
s_zt[2,23],1.0
s_zt[2,24],0.0
s_zt[3,1],0.0
s_zt[3,2],0.0
s_zt[3,3],0.0
s_zt[3,4],0.0
s_zt[3,5],1.0
s_zt[3,6],1.0
s_zt[3,7],1.0
s_zt[3,8],1.0
s_zt[3,9],1.0
s_zt[3,10],1.0
s_zt[3,11],1.0
s_zt[3,12],0.0
s_zt[3,13],0.0
s_zt[3,14],0.0
s_zt[3,15],0.0
s_zt[3,16],0.0
s_zt[3,17],1.0
s_zt[3,18],1.0
s_zt[3,19],1.0
s_zt[3,20],1.0
s_zt[3,21],1.0
s_zt[3,22],1.0
s_zt[3,23],1.0
s_zt[3,24],0.0
s_zt[4,1],0.0
s_zt[4,2],0.0
s_zt[4,3],0.0
s_zt[4,4],0.0
s_zt[4,5],1.0
s_zt[4,6],1.0
s_zt[4,7],1.0
s_zt[4,8],1.0
s_zt[4,9],1.0
s_zt[4,10],1.0
s_zt[4,11],1.0
s_zt[4,12],0.0
s_zt[4,13],0.0
s_zt[4,14],0.0
s_zt[4,15],0.0
s_zt[4,16],0.0
s_zt[4,17],1.0
s_zt[4,18],1.0
s_zt[4,19],1.0
s_zt[4,20],1.0
s_zt[4,21],1.0
s_zt[4,22],1.0
s_zt[4,23],1.0
s_zt[4,24],0.0
s_zt[5,1],0.0
s_zt[5,2],0.0
s_zt[5,3],0.0
s_zt[5,4],0.0
s_zt[5,5],1.0
s_zt[5,6],1.0
s_zt[5,7],1.0
s_zt[5,8],1.0
s_zt[5,9],1.0
s_zt[5,10],1.0
s_zt[5,11],1.0
s_zt[5,12],0.0
s_zt[5,13],0.0
s_zt[5,14],0.0
s_zt[5,15],0.0
s_zt[5,16],0.0
s_zt[5,17],1.0
s_zt[5,18],1.0
s_zt[5,19],1.0
s_zt[5,20],1.0
s_zt[5,21],1.0
s_zt[5,22],1.0
s_zt[5,23],1.0
s_zt[5,24],0.0
s_zt[6,1],0.0
s_zt[6,2],0.0
s_zt[6,3],0.0
s_zt[6,4],0.0
s_zt[6,5],1.0
s_zt[6,6],1.0
s_zt[6,7],1.0
s_zt[6,8],1.0
s_zt[6,9],1.0
s_zt[6,10],1.0
s_zt[6,11],1.0
s_zt[6,12],0.0
s_zt[6,13],0.0
s_zt[6,14],0.0
s_zt[6,15],0.0
s_zt[6,16],0.0
s_zt[6,17],1.0
s_zt[6,18],1.0
s_zt[6,19],1.0
s_zt[6,20],1.0
s_zt[6,21],1.0
s_zt[6,22],1.0
s_zt[6,23],1.0
s_zt[6,24],0.0
s_zt[7,1],0.0
s_zt[7,2],0.0
s_zt[7,3],0.0
s_zt[7,4],0.0
s_zt[7,5],1.0
s_zt[7,6],1.0
s_zt[7,7],1.0
s_zt[7,8],1.0
s_zt[7,9],1.0
s_zt[7,10],1.0
s_zt[7,11],1.0
s_zt[7,12],0.0
s_zt[7,13],0.0
s_zt[7,14],0.0
s_zt[7,15],0.0
s_zt[7,16],0.0
s_zt[7,17],1.0
s_zt[7,18],1.0
s_zt[7,19],1.0
s_zt[7,20],1.0
s_zt[7,21],1.0
s_zt[7,22],1.0
s_zt[7,23],1.0
s_zt[7,24],0.0
s_zt[8,1],0.0
s_zt[8,2],0.0
s_zt[8,3],0.0
s_zt[8,4],0.0
s_zt[8,5],1.0
s_zt[8,6],1.0
s_zt[8,7],1.0
s_zt[8,8],1.0
s_zt[8,9],1.0
s_zt[8,10],1.0
s_zt[8,11],1.0
s_zt[8,12],0.0
s_zt[8,13],0.0
s_zt[8,14],0.0
s_zt[8,15],0.0
s_zt[8,16],0.0
s_zt[8,17],1.0
s_zt[8,18],1.0
s_zt[8,19],1.0
s_zt[8,20],1.0
s_zt[8,21],1.0
s_zt[8,22],1.0
s_zt[8,23],1.0
s_zt[8,24],0.0
s_zt[9,1],0.0
s_zt[9,2],0.0
s_zt[9,3],0.0
s_zt[9,4],0.0
s_zt[9,5],1.0
s_zt[9,6],1.0
s_zt[9,7],1.0
s_zt[9,8],1.0
s_zt[9,9],1.0
s_zt[9,10],1.0
s_zt[9,11],1.0
s_zt[9,12],0.0
s_zt[9,13],0.0
s_zt[9,14],0.0
s_zt[9,15],0.0
s_zt[9,16],0.0
s_zt[9,17],1.0
s_zt[9,18],1.0
s_zt[9,19],1.0
s_zt[9,20],1.0
s_zt[9,21],1.0
s_zt[9,22],1.0
s_zt[9,23],1.0
s_zt[9,24],0.0
s_zt[10,1],0.0
s_zt[10,2],0.0
s_zt[10,3],0.0
s_zt[10,4],0.0
s_zt[10,5],1.0
s_zt[10,6],1.0
s_zt[10,7],1.0
s_zt[10,8],1.0
s_zt[10,9],1.0
s_zt[10,10],1.0
s_zt[10,11],1.0
s_zt[10,12],0.0
s_zt[10,13],0.0
s_zt[10,14],0.0
s_zt[10,15],0.0
s_zt[10,16],0.0
s_zt[10,17],1.0
s_zt[10,18],1.0
s_zt[10,19],1.0
s_zt[10,20],1.0
s_zt[10,21],1.0
s_zt[10,22],1.0
s_zt[10,23],1.0
s_zt[10,24],0.0
s_zt[11,1],0.0
s_zt[11,2],0.0
s_zt[11,3],1.0
s_zt[11,4],0.0
s_zt[11,5],1.0
s_zt[11,6],1.0
s_zt[11,7],1.0
s_zt[11,8],1.0
s_zt[11,9],1.0
s_zt[11,10],1.0
s_zt[11,11],1.0
s_zt[11,12],0.0
s_zt[11,13],0.0
s_zt[11,14],0.0
s_zt[11,15],1.0
s_zt[11,16],0.0
s_zt[11,17],1.0
s_zt[11,18],1.0
s_zt[11,19],1.0
s_zt[11,20],1.0
s_zt[11,21],1.0
s_zt[11,22],1.0
s_zt[11,23],1.0
s_zt[11,24],0.0
s_zt[12,1],0.0
s_zt[12,2],0.0
s_zt[12,3],1.0
s_zt[12,4],0.0
s_zt[12,5],1.0
s_zt[12,6],1.0
s_zt[12,7],1.0
s_zt[12,8],1.0
s_zt[12,9],1.0
s_zt[12,10],1.0
s_zt[12,11],1.0
s_zt[12,12],0.0
s_zt[12,13],0.0
s_zt[12,14],0.0
s_zt[12,15],1.0
s_zt[12,16],0.0
s_zt[12,17],1.0
s_zt[12,18],1.0
s_zt[12,19],1.0
s_zt[12,20],1.0
s_zt[12,21],1.0
s_zt[12,22],1.0
s_zt[12,23],1.0
s_zt[12,24],0.0
s_zt[13,1],0.0
s_zt[13,2],0.0
s_zt[13,3],1.0
s_zt[13,4],0.0
s_zt[13,5],1.0
s_zt[13,6],1.0
s_zt[13,7],1.0
s_zt[13,8],1.0
s_zt[13,9],1.0
s_zt[13,10],1.0
s_zt[13,11],1.0
s_zt[13,12],0.0
s_zt[13,13],0.0
s_zt[13,14],0.0
s_zt[13,15],1.0
s_zt[13,16],0.0
s_zt[13,17],1.0
s_zt[13,18],1.0
s_zt[13,19],1.0
s_zt[13,20],1.0
s_zt[13,21],1.0
s_zt[13,22],1.0
s_zt[13,23],1.0
s_zt[13,24],0.0
s_zt[14,1],0.0
s_zt[14,2],0.0
s_zt[14,3],1.0
s_zt[14,4],0.0
s_zt[14,5],1.0
s_zt[14,6],1.0
s_zt[14,7],1.0
s_zt[14,8],1.0
s_zt[14,9],1.0
s_zt[14,10],1.0
s_zt[14,11],1.0
s_zt[14,12],0.0
s_zt[14,13],0.0
s_zt[14,14],0.0
s_zt[14,15],1.0
s_zt[14,16],0.0
s_zt[14,17],1.0
s_zt[14,18],1.0
s_zt[14,19],1.0
s_zt[14,20],1.0
s_zt[14,21],1.0
s_zt[14,22],1.0
s_zt[14,23],1.0
s_zt[14,24],0.0
s_zt[15,1],0.0
s_zt[15,2],0.0
s_zt[15,3],1.0
s_zt[15,4],0.0
s_zt[15,5],1.0
s_zt[15,6],1.0
s_zt[15,7],1.0
s_zt[15,8],1.0
s_zt[15,9],1.0
s_zt[15,10],1.0
s_zt[15,11],1.0
s_zt[15,12],0.0
s_zt[15,13],0.0
s_zt[15,14],0.0
s_zt[15,15],1.0
s_zt[15,16],0.0
s_zt[15,17],1.0
s_zt[15,18],1.0
s_zt[15,19],1.0
s_zt[15,20],1.0
s_zt[15,21],1.0
s_zt[15,22],1.0
s_zt[15,23],1.0
s_zt[15,24],0.0
s_zt[16,1],0.0
s_zt[16,2],0.0
s_zt[16,3],1.0
s_zt[16,4],0.0
s_zt[16,5],1.0
s_zt[16,6],1.0
s_zt[16,7],1.0
s_zt[16,8],1.0
s_zt[16,9],1.0
s_zt[16,10],1.0
s_zt[16,11],1.0
s_zt[16,12],0.0
s_zt[16,13],0.0
s_zt[16,14],0.0
s_zt[16,15],1.0
s_zt[16,16],0.0
s_zt[16,17],1.0
s_zt[16,18],1.0
s_zt[16,19],1.0
s_zt[16,20],1.0
s_zt[16,21],1.0
s_zt[16,22],1.0
s_zt[16,23],1.0
s_zt[16,24],0.0
s_zt[17,1],0.0
s_zt[17,2],0.0
s_zt[17,3],1.0
s_zt[17,4],0.0
s_zt[17,5],1.0
s_zt[17,6],1.0
s_zt[17,7],1.0
s_zt[17,8],1.0
s_zt[17,9],1.0
s_zt[17,10],1.0
s_zt[17,11],1.0
s_zt[17,12],0.0
s_zt[17,13],0.0
s_zt[17,14],0.0
s_zt[17,15],1.0
s_zt[17,16],0.0
s_zt[17,17],1.0
s_zt[17,18],1.0
s_zt[17,19],1.0
s_zt[17,20],1.0
s_zt[17,21],1.0
s_zt[17,22],1.0
s_zt[17,23],1.0
s_zt[17,24],0.0
s_zt[18,1],0.0
s_zt[18,2],0.0
s_zt[18,3],1.0
s_zt[18,4],0.0
s_zt[18,5],1.0
s_zt[18,6],1.0
s_zt[18,7],1.0
s_zt[18,8],1.0
s_zt[18,9],1.0
s_zt[18,10],1.0
s_zt[18,11],1.0
s_zt[18,12],0.0
s_zt[18,13],0.0
s_zt[18,14],0.0
s_zt[18,15],1.0
s_zt[18,16],0.0
s_zt[18,17],1.0
s_zt[18,18],1.0
s_zt[18,19],1.0
s_zt[18,20],1.0
s_zt[18,21],1.0
s_zt[18,22],1.0
s_zt[18,23],1.0
s_zt[18,24],0.0
s_zt[19,1],0.0
s_zt[19,2],0.0
s_zt[19,3],1.0
s_zt[19,4],0.0
s_zt[19,5],1.0
s_zt[19,6],1.0
s_zt[19,7],1.0
s_zt[19,8],1.0
s_zt[19,9],1.0
s_zt[19,10],1.0
s_zt[19,11],1.0
s_zt[19,12],0.0
s_zt[19,13],0.0
s_zt[19,14],0.0
s_zt[19,15],1.0
s_zt[19,16],0.0
s_zt[19,17],1.0
s_zt[19,18],1.0
s_zt[19,19],1.0
s_zt[19,20],1.0
s_zt[19,21],1.0
s_zt[19,22],1.0
s_zt[19,23],1.0
s_zt[19,24],0.0
s_zt[20,1],0.0
s_zt[20,2],0.0
s_zt[20,3],1.0
s_zt[20,4],0.0
s_zt[20,5],1.0
s_zt[20,6],1.0
s_zt[20,7],1.0
s_zt[20,8],1.0
s_zt[20,9],1.0
s_zt[20,10],1.0
s_zt[20,11],1.0
s_zt[20,12],0.0
s_zt[20,13],0.0
s_zt[20,14],0.0
s_zt[20,15],1.0
s_zt[20,16],0.0
s_zt[20,17],1.0
s_zt[20,18],1.0
s_zt[20,19],1.0
s_zt[20,20],1.0
s_zt[20,21],1.0
s_zt[20,22],1.0
s_zt[20,23],1.0
s_zt[20,24],0.0
y_t[1],0.0
y_t[2],0.0
y_t[3],0.0
y_t[4],0.0
y_t[5],0.0
y_t[6],0.0
y_t[7],0.0
y_t[8],0.0
y_t[9],0.0
y_t[10],0.0
y_t[11],0.0
y_t[12],0.0
y_t[13],0.0
y_t[14],0.0
y_t[15],0.0
y_t[16],0.0
y_t[17],0.0
y_t[18],0.0
y_t[19],0.0
y_t[20],0.0
y_t[21],0.0
y_t[22],0.0
y_t[23],10.0
y_t[24],0.0
u_t[1],435.86475585910745
u_t[2],391.4372700775211
u_t[3],386.3804836190285
u_t[4],395.42194276357895
u_t[5],381.02926431904757
u_t[6],416.1216945727147
u_t[7],422.70937428456216
u_t[8],392.87557214981956
u_t[9],417.34813361629216
u_t[10],366.7039974120114
u_t[11],375.74879228368445
u_t[12],398.9010570184128
u_t[13],410.0650895453652
u_t[14],446.2710111872956
u_t[15],402.5539082006598
u_t[16],383.5794175195696
u_t[17],387.05838715098196
u_t[18],407.12355730262294
u_t[19],377.7243505981226
u_t[20],423.0412530147178
u_t[21],393.4369575210001
u_t[22],399.48785590455236
u_t[23],421.6626365345256
u_t[24],415.2441983155848
I_t[1],497558515.3812634
I_t[2],493231690.18426377
I_t[3],485630406.26169866
I_t[4],483669101.35957
I_t[5],478956507.67757964
I_t[6],475245734.47382456
I_t[7],471516853.9234644
I_t[8],467769914.0835518
I_t[9],464004843.29846925
I_t[10],460221740.6824457
I_t[11],456420527.47772735
I_t[12],455787001.13974965
I_t[13],755786460.0711659
I_t[14],755785871.2299548
I_t[15],753427062.067403
I_t[16],753104055.945869
I_t[17],748546235.8923235
I_t[18],744618290.7090286
I_t[19],740672285.6627457
I_t[20],736708122.1678102
I_t[21],732725899.0804951
I_t[22],728725569.3548418
I_t[23],724707111.7158715
I_t[24],724037563.8136091
enc_zt[1,1],0.0
enc_zt[1,2],0.0
enc_zt[1,3],0.0
enc_zt[1,4],0.0
enc_zt[1,5],1.0
enc_zt[1,6],0.0
enc_zt[1,7],0.0
enc_zt[1,8],0.0
enc_zt[1,9],0.0
enc_zt[1,10],0.0
enc_zt[1,11],0.0
enc_zt[1,12],0.0
enc_zt[1,13],0.0
enc_zt[1,14],0.0
enc_zt[1,15],0.0
enc_zt[1,16],0.0
enc_zt[1,17],1.0
enc_zt[1,18],0.0
enc_zt[1,19],0.0
enc_zt[1,20],0.0
enc_zt[1,21],0.0
enc_zt[1,22],0.0
enc_zt[1,23],0.0
enc_zt[1,24],0.0
enc_zt[2,1],0.0
enc_zt[2,2],0.0
enc_zt[2,3],0.0
enc_zt[2,4],0.0
enc_zt[2,5],1.0
enc_zt[2,6],0.0
enc_zt[2,7],0.0
enc_zt[2,8],0.0
enc_zt[2,9],0.0
enc_zt[2,10],0.0
enc_zt[2,11],0.0
enc_zt[2,12],0.0
enc_zt[2,13],0.0
enc_zt[2,14],0.0
enc_zt[2,15],0.0
enc_zt[2,16],0.0
enc_zt[2,17],1.0
enc_zt[2,18],0.0
enc_zt[2,19],0.0
enc_zt[2,20],0.0
enc_zt[2,21],0.0
enc_zt[2,22],0.0
enc_zt[2,23],0.0
enc_zt[2,24],0.0
enc_zt[3,1],0.0
enc_zt[3,2],0.0
enc_zt[3,3],0.0
enc_zt[3,4],0.0
enc_zt[3,5],1.0
enc_zt[3,6],0.0
enc_zt[3,7],0.0
enc_zt[3,8],0.0
enc_zt[3,9],0.0
enc_zt[3,10],0.0
enc_zt[3,11],0.0
enc_zt[3,12],0.0
enc_zt[3,13],0.0
enc_zt[3,14],0.0
enc_zt[3,15],0.0
enc_zt[3,16],0.0
enc_zt[3,17],1.0
enc_zt[3,18],0.0
enc_zt[3,19],0.0
enc_zt[3,20],0.0
enc_zt[3,21],0.0
enc_zt[3,22],0.0
enc_zt[3,23],0.0
enc_zt[3,24],0.0
enc_zt[4,1],0.0
enc_zt[4,2],0.0
enc_zt[4,3],0.0
enc_zt[4,4],0.0
enc_zt[4,5],1.0
enc_zt[4,6],0.0
enc_zt[4,7],0.0
enc_zt[4,8],0.0
enc_zt[4,9],0.0
enc_zt[4,10],0.0
enc_zt[4,11],0.0
enc_zt[4,12],0.0
enc_zt[4,13],0.0
enc_zt[4,14],0.0
enc_zt[4,15],0.0
enc_zt[4,16],0.0
enc_zt[4,17],1.0
enc_zt[4,18],0.0
enc_zt[4,19],0.0
enc_zt[4,20],0.0
enc_zt[4,21],0.0
enc_zt[4,22],0.0
enc_zt[4,23],0.0
enc_zt[4,24],0.0
enc_zt[5,1],0.0
enc_zt[5,2],0.0
enc_zt[5,3],0.0
enc_zt[5,4],0.0
enc_zt[5,5],1.0
enc_zt[5,6],0.0
enc_zt[5,7],0.0
enc_zt[5,8],0.0
enc_zt[5,9],0.0
enc_zt[5,10],0.0
enc_zt[5,11],0.0
enc_zt[5,12],0.0
enc_zt[5,13],0.0
enc_zt[5,14],0.0
enc_zt[5,15],0.0
enc_zt[5,16],0.0
enc_zt[5,17],1.0
enc_zt[5,18],0.0
enc_zt[5,19],0.0
enc_zt[5,20],0.0
enc_zt[5,21],0.0
enc_zt[5,22],0.0
enc_zt[5,23],0.0
enc_zt[5,24],0.0
enc_zt[6,1],0.0
enc_zt[6,2],0.0
enc_zt[6,3],0.0
enc_zt[6,4],0.0
enc_zt[6,5],1.0
enc_zt[6,6],0.0
enc_zt[6,7],0.0
enc_zt[6,8],0.0
enc_zt[6,9],0.0
enc_zt[6,10],0.0
enc_zt[6,11],0.0
enc_zt[6,12],0.0
enc_zt[6,13],0.0
enc_zt[6,14],0.0
enc_zt[6,15],0.0
enc_zt[6,16],0.0
enc_zt[6,17],1.0
enc_zt[6,18],0.0
enc_zt[6,19],0.0
enc_zt[6,20],0.0
enc_zt[6,21],0.0
enc_zt[6,22],0.0
enc_zt[6,23],0.0
enc_zt[6,24],0.0
enc_zt[7,1],0.0
enc_zt[7,2],0.0
enc_zt[7,3],0.0
enc_zt[7,4],0.0
enc_zt[7,5],1.0
enc_zt[7,6],0.0
enc_zt[7,7],0.0
enc_zt[7,8],0.0
enc_zt[7,9],0.0
enc_zt[7,10],0.0
enc_zt[7,11],0.0
enc_zt[7,12],0.0
enc_zt[7,13],0.0
enc_zt[7,14],0.0
enc_zt[7,15],0.0
enc_zt[7,16],0.0
enc_zt[7,17],1.0
enc_zt[7,18],0.0
enc_zt[7,19],0.0
enc_zt[7,20],0.0
enc_zt[7,21],0.0
enc_zt[7,22],0.0
enc_zt[7,23],0.0
enc_zt[7,24],0.0
enc_zt[8,1],0.0
enc_zt[8,2],0.0
enc_zt[8,3],0.0
enc_zt[8,4],0.0
enc_zt[8,5],1.0
enc_zt[8,6],0.0
enc_zt[8,7],0.0
enc_zt[8,8],0.0
enc_zt[8,9],0.0
enc_zt[8,10],0.0
enc_zt[8,11],0.0
enc_zt[8,12],0.0
enc_zt[8,13],0.0
enc_zt[8,14],0.0
enc_zt[8,15],0.0
enc_zt[8,16],0.0
enc_zt[8,17],1.0
enc_zt[8,18],0.0
enc_zt[8,19],0.0
enc_zt[8,20],0.0
enc_zt[8,21],0.0
enc_zt[8,22],0.0
enc_zt[8,23],0.0
enc_zt[8,24],0.0
enc_zt[9,1],0.0
enc_zt[9,2],0.0
enc_zt[9,3],0.0
enc_zt[9,4],0.0
enc_zt[9,5],1.0
enc_zt[9,6],0.0
enc_zt[9,7],0.0
enc_zt[9,8],0.0
enc_zt[9,9],0.0
enc_zt[9,10],0.0
enc_zt[9,11],0.0
enc_zt[9,12],0.0
enc_zt[9,13],0.0
enc_zt[9,14],0.0
enc_zt[9,15],0.0
enc_zt[9,16],0.0
enc_zt[9,17],1.0
enc_zt[9,18],0.0
enc_zt[9,19],0.0
enc_zt[9,20],0.0
enc_zt[9,21],0.0
enc_zt[9,22],0.0
enc_zt[9,23],0.0
enc_zt[9,24],0.0
enc_zt[10,1],0.0
enc_zt[10,2],0.0
enc_zt[10,3],0.0
enc_zt[10,4],0.0
enc_zt[10,5],1.0
enc_zt[10,6],0.0
enc_zt[10,7],0.0
enc_zt[10,8],0.0
enc_zt[10,9],0.0
enc_zt[10,10],0.0
enc_zt[10,11],0.0
enc_zt[10,12],0.0
enc_zt[10,13],0.0
enc_zt[10,14],0.0
enc_zt[10,15],0.0
enc_zt[10,16],0.0
enc_zt[10,17],1.0
enc_zt[10,18],0.0
enc_zt[10,19],0.0
enc_zt[10,20],0.0
enc_zt[10,21],0.0
enc_zt[10,22],0.0
enc_zt[10,23],0.0
enc_zt[10,24],0.0
enc_zt[11,1],0.0
enc_zt[11,2],0.0
enc_zt[11,3],1.0
enc_zt[11,4],0.0
enc_zt[11,5],1.0
enc_zt[11,6],0.0
enc_zt[11,7],0.0
enc_zt[11,8],0.0
enc_zt[11,9],0.0
enc_zt[11,10],0.0
enc_zt[11,11],0.0
enc_zt[11,12],0.0
enc_zt[11,13],0.0
enc_zt[11,14],0.0
enc_zt[11,15],1.0
enc_zt[11,16],0.0
enc_zt[11,17],1.0
enc_zt[11,18],0.0
enc_zt[11,19],0.0
enc_zt[11,20],0.0
enc_zt[11,21],0.0
enc_zt[11,22],0.0
enc_zt[11,23],0.0
enc_zt[11,24],0.0
enc_zt[12,1],0.0
enc_zt[12,2],0.0
enc_zt[12,3],1.0
enc_zt[12,4],0.0
enc_zt[12,5],1.0
enc_zt[12,6],0.0
enc_zt[12,7],0.0
enc_zt[12,8],0.0
enc_zt[12,9],0.0
enc_zt[12,10],0.0
enc_zt[12,11],0.0
enc_zt[12,12],0.0
enc_zt[12,13],0.0
enc_zt[12,14],0.0
enc_zt[12,15],1.0
enc_zt[12,16],0.0
enc_zt[12,17],1.0
enc_zt[12,18],0.0
enc_zt[12,19],0.0
enc_zt[12,20],0.0
enc_zt[12,21],0.0
enc_zt[12,22],0.0
enc_zt[12,23],0.0
enc_zt[12,24],0.0
enc_zt[13,1],0.0
enc_zt[13,2],0.0
enc_zt[13,3],1.0
enc_zt[13,4],0.0
enc_zt[13,5],1.0
enc_zt[13,6],0.0
enc_zt[13,7],0.0
enc_zt[13,8],0.0
enc_zt[13,9],0.0
enc_zt[13,10],0.0
enc_zt[13,11],0.0
enc_zt[13,12],0.0
enc_zt[13,13],0.0
enc_zt[13,14],0.0
enc_zt[13,15],1.0
enc_zt[13,16],0.0
enc_zt[13,17],1.0
enc_zt[13,18],0.0
enc_zt[13,19],0.0
enc_zt[13,20],0.0
enc_zt[13,21],0.0
enc_zt[13,22],0.0
enc_zt[13,23],0.0
enc_zt[13,24],0.0
enc_zt[14,1],0.0
enc_zt[14,2],0.0
enc_zt[14,3],1.0
enc_zt[14,4],0.0
enc_zt[14,5],1.0
enc_zt[14,6],0.0
enc_zt[14,7],0.0
enc_zt[14,8],0.0
enc_zt[14,9],0.0
enc_zt[14,10],0.0
enc_zt[14,11],0.0
enc_zt[14,12],0.0
enc_zt[14,13],0.0
enc_zt[14,14],0.0
enc_zt[14,15],1.0
enc_zt[14,16],0.0
enc_zt[14,17],1.0
enc_zt[14,18],0.0
enc_zt[14,19],0.0
enc_zt[14,20],0.0
enc_zt[14,21],0.0
enc_zt[14,22],0.0
enc_zt[14,23],0.0
enc_zt[14,24],0.0
enc_zt[15,1],0.0
enc_zt[15,2],0.0
enc_zt[15,3],1.0
enc_zt[15,4],0.0
enc_zt[15,5],1.0
enc_zt[15,6],0.0
enc_zt[15,7],0.0
enc_zt[15,8],0.0
enc_zt[15,9],0.0
enc_zt[15,10],0.0
enc_zt[15,11],0.0
enc_zt[15,12],0.0
enc_zt[15,13],0.0
enc_zt[15,14],0.0
enc_zt[15,15],1.0
enc_zt[15,16],0.0
enc_zt[15,17],1.0
enc_zt[15,18],0.0
enc_zt[15,19],0.0
enc_zt[15,20],0.0
enc_zt[15,21],0.0
enc_zt[15,22],0.0
enc_zt[15,23],0.0
enc_zt[15,24],0.0
enc_zt[16,1],0.0
enc_zt[16,2],0.0
enc_zt[16,3],1.0
enc_zt[16,4],0.0
enc_zt[16,5],1.0
enc_zt[16,6],0.0
enc_zt[16,7],0.0
enc_zt[16,8],0.0
enc_zt[16,9],0.0
enc_zt[16,10],0.0
enc_zt[16,11],0.0
enc_zt[16,12],0.0
enc_zt[16,13],0.0
enc_zt[16,14],0.0
enc_zt[16,15],1.0
enc_zt[16,16],0.0
enc_zt[16,17],1.0
enc_zt[16,18],0.0
enc_zt[16,19],0.0
enc_zt[16,20],0.0
enc_zt[16,21],0.0
enc_zt[16,22],0.0
enc_zt[16,23],0.0
enc_zt[16,24],0.0
enc_zt[17,1],0.0
enc_zt[17,2],0.0
enc_zt[17,3],1.0
enc_zt[17,4],0.0
enc_zt[17,5],1.0
enc_zt[17,6],0.0
enc_zt[17,7],0.0
enc_zt[17,8],0.0
enc_zt[17,9],0.0
enc_zt[17,10],0.0
enc_zt[17,11],0.0
enc_zt[17,12],0.0
enc_zt[17,13],0.0
enc_zt[17,14],0.0
enc_zt[17,15],1.0
enc_zt[17,16],0.0
enc_zt[17,17],1.0
enc_zt[17,18],0.0
enc_zt[17,19],0.0
enc_zt[17,20],0.0
enc_zt[17,21],0.0
enc_zt[17,22],0.0
enc_zt[17,23],0.0
enc_zt[17,24],0.0
enc_zt[18,1],0.0
enc_zt[18,2],0.0
enc_zt[18,3],1.0
enc_zt[18,4],0.0
enc_zt[18,5],1.0
enc_zt[18,6],0.0
enc_zt[18,7],0.0
enc_zt[18,8],0.0
enc_zt[18,9],0.0
enc_zt[18,10],0.0
enc_zt[18,11],0.0
enc_zt[18,12],0.0
enc_zt[18,13],0.0
enc_zt[18,14],0.0
enc_zt[18,15],1.0
enc_zt[18,16],0.0
enc_zt[18,17],1.0
enc_zt[18,18],0.0
enc_zt[18,19],0.0
enc_zt[18,20],0.0
enc_zt[18,21],0.0
enc_zt[18,22],0.0
enc_zt[18,23],0.0
enc_zt[18,24],0.0
enc_zt[19,1],0.0
enc_zt[19,2],0.0
enc_zt[19,3],1.0
enc_zt[19,4],0.0
enc_zt[19,5],1.0
enc_zt[19,6],0.0
enc_zt[19,7],0.0
enc_zt[19,8],0.0
enc_zt[19,9],0.0
enc_zt[19,10],0.0
enc_zt[19,11],0.0
enc_zt[19,12],0.0
enc_zt[19,13],0.0
enc_zt[19,14],0.0
enc_zt[19,15],1.0
enc_zt[19,16],0.0
enc_zt[19,17],1.0
enc_zt[19,18],0.0
enc_zt[19,19],0.0
enc_zt[19,20],0.0
enc_zt[19,21],0.0
enc_zt[19,22],0.0
enc_zt[19,23],0.0
enc_zt[19,24],0.0
enc_zt[20,1],0.0
enc_zt[20,2],0.0
enc_zt[20,3],1.0
enc_zt[20,4],0.0
enc_zt[20,5],1.0
enc_zt[20,6],0.0
enc_zt[20,7],0.0
enc_zt[20,8],0.0
enc_zt[20,9],0.0
enc_zt[20,10],0.0
enc_zt[20,11],0.0
enc_zt[20,12],0.0
enc_zt[20,13],0.0
enc_zt[20,14],0.0
enc_zt[20,15],1.0
enc_zt[20,16],0.0
enc_zt[20,17],1.0
enc_zt[20,18],0.0
enc_zt[20,19],0.0
enc_zt[20,20],0.0
enc_zt[20,21],0.0
enc_zt[20,22],0.0
enc_zt[20,23],0.0
enc_zt[20,24],0.0
apg_zt[1,1],0.0
apg_zt[1,2],0.0
apg_zt[1,3],0.0
apg_zt[1,4],0.0
apg_zt[1,5],0.0
apg_zt[1,6],0.0
apg_zt[1,7],0.0
apg_zt[1,8],0.0
apg_zt[1,9],0.0
apg_zt[1,10],0.0
apg_zt[1,11],0.0
apg_zt[1,12],1.0
apg_zt[1,13],0.0
apg_zt[1,14],0.0
apg_zt[1,15],0.0
apg_zt[1,16],0.0
apg_zt[1,17],0.0
apg_zt[1,18],0.0
apg_zt[1,19],0.0
apg_zt[1,20],0.0
apg_zt[1,21],0.0
apg_zt[1,22],0.0
apg_zt[1,23],0.0
apg_zt[1,24],1.0
apg_zt[2,1],0.0
apg_zt[2,2],0.0
apg_zt[2,3],0.0
apg_zt[2,4],0.0
apg_zt[2,5],0.0
apg_zt[2,6],0.0
apg_zt[2,7],0.0
apg_zt[2,8],0.0
apg_zt[2,9],0.0
apg_zt[2,10],0.0
apg_zt[2,11],0.0
apg_zt[2,12],1.0
apg_zt[2,13],0.0
apg_zt[2,14],0.0
apg_zt[2,15],0.0
apg_zt[2,16],0.0
apg_zt[2,17],0.0
apg_zt[2,18],0.0
apg_zt[2,19],0.0
apg_zt[2,20],0.0
apg_zt[2,21],0.0
apg_zt[2,22],0.0
apg_zt[2,23],0.0
apg_zt[2,24],1.0
apg_zt[3,1],0.0
apg_zt[3,2],0.0
apg_zt[3,3],0.0
apg_zt[3,4],0.0
apg_zt[3,5],0.0
apg_zt[3,6],0.0
apg_zt[3,7],0.0
apg_zt[3,8],0.0
apg_zt[3,9],0.0
apg_zt[3,10],0.0
apg_zt[3,11],0.0
apg_zt[3,12],1.0
apg_zt[3,13],0.0
apg_zt[3,14],0.0
apg_zt[3,15],0.0
apg_zt[3,16],0.0
apg_zt[3,17],0.0
apg_zt[3,18],0.0
apg_zt[3,19],0.0
apg_zt[3,20],0.0
apg_zt[3,21],0.0
apg_zt[3,22],0.0
apg_zt[3,23],0.0
apg_zt[3,24],1.0
apg_zt[4,1],0.0
apg_zt[4,2],0.0
apg_zt[4,3],0.0
apg_zt[4,4],0.0
apg_zt[4,5],0.0
apg_zt[4,6],0.0
apg_zt[4,7],0.0
apg_zt[4,8],0.0
apg_zt[4,9],0.0
apg_zt[4,10],0.0
apg_zt[4,11],0.0
apg_zt[4,12],1.0
apg_zt[4,13],0.0
apg_zt[4,14],0.0
apg_zt[4,15],0.0
apg_zt[4,16],0.0
apg_zt[4,17],0.0
apg_zt[4,18],0.0
apg_zt[4,19],0.0
apg_zt[4,20],0.0
apg_zt[4,21],0.0
apg_zt[4,22],0.0
apg_zt[4,23],0.0
apg_zt[4,24],1.0
apg_zt[5,1],0.0
apg_zt[5,2],0.0
apg_zt[5,3],0.0
apg_zt[5,4],0.0
apg_zt[5,5],0.0
apg_zt[5,6],0.0
apg_zt[5,7],0.0
apg_zt[5,8],0.0
apg_zt[5,9],0.0
apg_zt[5,10],0.0
apg_zt[5,11],0.0
apg_zt[5,12],1.0
apg_zt[5,13],0.0
apg_zt[5,14],0.0
apg_zt[5,15],0.0
apg_zt[5,16],0.0
apg_zt[5,17],0.0
apg_zt[5,18],0.0
apg_zt[5,19],0.0
apg_zt[5,20],0.0
apg_zt[5,21],0.0
apg_zt[5,22],0.0
apg_zt[5,23],0.0
apg_zt[5,24],1.0
apg_zt[6,1],0.0
apg_zt[6,2],0.0
apg_zt[6,3],0.0
apg_zt[6,4],0.0
apg_zt[6,5],0.0
apg_zt[6,6],0.0
apg_zt[6,7],0.0
apg_zt[6,8],0.0
apg_zt[6,9],0.0
apg_zt[6,10],0.0
apg_zt[6,11],0.0
apg_zt[6,12],1.0
apg_zt[6,13],0.0
apg_zt[6,14],0.0
apg_zt[6,15],0.0
apg_zt[6,16],0.0
apg_zt[6,17],0.0
apg_zt[6,18],0.0
apg_zt[6,19],0.0
apg_zt[6,20],0.0
apg_zt[6,21],0.0
apg_zt[6,22],0.0
apg_zt[6,23],0.0
apg_zt[6,24],1.0
apg_zt[7,1],0.0
apg_zt[7,2],0.0
apg_zt[7,3],0.0
apg_zt[7,4],0.0
apg_zt[7,5],0.0
apg_zt[7,6],0.0
apg_zt[7,7],0.0
apg_zt[7,8],0.0
apg_zt[7,9],0.0
apg_zt[7,10],0.0
apg_zt[7,11],0.0
apg_zt[7,12],1.0
apg_zt[7,13],0.0
apg_zt[7,14],0.0
apg_zt[7,15],0.0
apg_zt[7,16],0.0
apg_zt[7,17],0.0
apg_zt[7,18],0.0
apg_zt[7,19],0.0
apg_zt[7,20],0.0
apg_zt[7,21],0.0
apg_zt[7,22],0.0
apg_zt[7,23],0.0
apg_zt[7,24],1.0
apg_zt[8,1],0.0
apg_zt[8,2],0.0
apg_zt[8,3],0.0
apg_zt[8,4],0.0
apg_zt[8,5],0.0
apg_zt[8,6],0.0
apg_zt[8,7],0.0
apg_zt[8,8],0.0
apg_zt[8,9],0.0
apg_zt[8,10],0.0
apg_zt[8,11],0.0
apg_zt[8,12],1.0
apg_zt[8,13],0.0
apg_zt[8,14],0.0
apg_zt[8,15],0.0
apg_zt[8,16],0.0
apg_zt[8,17],0.0
apg_zt[8,18],0.0
apg_zt[8,19],0.0
apg_zt[8,20],0.0
apg_zt[8,21],0.0
apg_zt[8,22],0.0
apg_zt[8,23],0.0
apg_zt[8,24],1.0
apg_zt[9,1],0.0
apg_zt[9,2],0.0
apg_zt[9,3],0.0
apg_zt[9,4],0.0
apg_zt[9,5],0.0
apg_zt[9,6],0.0
apg_zt[9,7],0.0
apg_zt[9,8],0.0
apg_zt[9,9],0.0
apg_zt[9,10],0.0
apg_zt[9,11],0.0
apg_zt[9,12],1.0
apg_zt[9,13],0.0
apg_zt[9,14],0.0
apg_zt[9,15],0.0
apg_zt[9,16],0.0
apg_zt[9,17],0.0
apg_zt[9,18],0.0
apg_zt[9,19],0.0
apg_zt[9,20],0.0
apg_zt[9,21],0.0
apg_zt[9,22],0.0
apg_zt[9,23],0.0
apg_zt[9,24],1.0
apg_zt[10,1],0.0
apg_zt[10,2],0.0
apg_zt[10,3],0.0
apg_zt[10,4],0.0
apg_zt[10,5],0.0
apg_zt[10,6],0.0
apg_zt[10,7],0.0
apg_zt[10,8],0.0
apg_zt[10,9],0.0
apg_zt[10,10],0.0
apg_zt[10,11],0.0
apg_zt[10,12],1.0
apg_zt[10,13],0.0
apg_zt[10,14],0.0
apg_zt[10,15],0.0
apg_zt[10,16],0.0
apg_zt[10,17],0.0
apg_zt[10,18],0.0
apg_zt[10,19],0.0
apg_zt[10,20],0.0
apg_zt[10,21],0.0
apg_zt[10,22],0.0
apg_zt[10,23],0.0
apg_zt[10,24],1.0
apg_zt[11,1],0.0
apg_zt[11,2],0.0
apg_zt[11,3],0.0
apg_zt[11,4],1.0
apg_zt[11,5],0.0
apg_zt[11,6],0.0
apg_zt[11,7],0.0
apg_zt[11,8],0.0
apg_zt[11,9],0.0
apg_zt[11,10],0.0
apg_zt[11,11],0.0
apg_zt[11,12],1.0
apg_zt[11,13],0.0
apg_zt[11,14],0.0
apg_zt[11,15],0.0
apg_zt[11,16],1.0
apg_zt[11,17],0.0
apg_zt[11,18],0.0
apg_zt[11,19],0.0
apg_zt[11,20],0.0
apg_zt[11,21],0.0
apg_zt[11,22],0.0
apg_zt[11,23],0.0
apg_zt[11,24],1.0
apg_zt[12,1],0.0
apg_zt[12,2],0.0
apg_zt[12,3],0.0
apg_zt[12,4],1.0
apg_zt[12,5],0.0
apg_zt[12,6],0.0
apg_zt[12,7],0.0
apg_zt[12,8],0.0
apg_zt[12,9],0.0
apg_zt[12,10],0.0
apg_zt[12,11],0.0
apg_zt[12,12],1.0
apg_zt[12,13],0.0
apg_zt[12,14],0.0
apg_zt[12,15],0.0
apg_zt[12,16],1.0
apg_zt[12,17],0.0
apg_zt[12,18],0.0
apg_zt[12,19],0.0
apg_zt[12,20],0.0
apg_zt[12,21],0.0
apg_zt[12,22],0.0
apg_zt[12,23],0.0
apg_zt[12,24],1.0
apg_zt[13,1],0.0
apg_zt[13,2],0.0
apg_zt[13,3],0.0
apg_zt[13,4],1.0
apg_zt[13,5],0.0
apg_zt[13,6],0.0
apg_zt[13,7],0.0
apg_zt[13,8],0.0
apg_zt[13,9],0.0
apg_zt[13,10],0.0
apg_zt[13,11],0.0
apg_zt[13,12],1.0
apg_zt[13,13],0.0
apg_zt[13,14],0.0
apg_zt[13,15],0.0
apg_zt[13,16],1.0
apg_zt[13,17],0.0
apg_zt[13,18],0.0
apg_zt[13,19],0.0
apg_zt[13,20],0.0
apg_zt[13,21],0.0
apg_zt[13,22],0.0
apg_zt[13,23],0.0
apg_zt[13,24],1.0
apg_zt[14,1],0.0
apg_zt[14,2],0.0
apg_zt[14,3],0.0
apg_zt[14,4],1.0
apg_zt[14,5],0.0
apg_zt[14,6],0.0
apg_zt[14,7],0.0
apg_zt[14,8],0.0
apg_zt[14,9],0.0
apg_zt[14,10],0.0
apg_zt[14,11],0.0
apg_zt[14,12],1.0
apg_zt[14,13],0.0
apg_zt[14,14],0.0
apg_zt[14,15],0.0
apg_zt[14,16],1.0
apg_zt[14,17],0.0
apg_zt[14,18],0.0
apg_zt[14,19],0.0
apg_zt[14,20],0.0
apg_zt[14,21],0.0
apg_zt[14,22],0.0
apg_zt[14,23],0.0
apg_zt[14,24],1.0
apg_zt[15,1],0.0
apg_zt[15,2],0.0
apg_zt[15,3],0.0
apg_zt[15,4],1.0
apg_zt[15,5],0.0
apg_zt[15,6],0.0
apg_zt[15,7],0.0
apg_zt[15,8],0.0
apg_zt[15,9],0.0
apg_zt[15,10],0.0
apg_zt[15,11],0.0
apg_zt[15,12],1.0
apg_zt[15,13],0.0
apg_zt[15,14],0.0
apg_zt[15,15],0.0
apg_zt[15,16],1.0
apg_zt[15,17],0.0
apg_zt[15,18],0.0
apg_zt[15,19],0.0
apg_zt[15,20],0.0
apg_zt[15,21],0.0
apg_zt[15,22],0.0
apg_zt[15,23],0.0
apg_zt[15,24],1.0
apg_zt[16,1],0.0
apg_zt[16,2],0.0
apg_zt[16,3],0.0
apg_zt[16,4],1.0
apg_zt[16,5],0.0
apg_zt[16,6],0.0
apg_zt[16,7],0.0
apg_zt[16,8],0.0
apg_zt[16,9],0.0
apg_zt[16,10],0.0
apg_zt[16,11],0.0
apg_zt[16,12],1.0
apg_zt[16,13],0.0
apg_zt[16,14],0.0
apg_zt[16,15],0.0
apg_zt[16,16],1.0
apg_zt[16,17],0.0
apg_zt[16,18],0.0
apg_zt[16,19],0.0
apg_zt[16,20],0.0
apg_zt[16,21],0.0
apg_zt[16,22],0.0
apg_zt[16,23],0.0
apg_zt[16,24],1.0
apg_zt[17,1],0.0
apg_zt[17,2],0.0
apg_zt[17,3],0.0
apg_zt[17,4],1.0
apg_zt[17,5],0.0
apg_zt[17,6],0.0
apg_zt[17,7],0.0
apg_zt[17,8],0.0
apg_zt[17,9],0.0
apg_zt[17,10],0.0
apg_zt[17,11],0.0
apg_zt[17,12],1.0
apg_zt[17,13],0.0
apg_zt[17,14],0.0
apg_zt[17,15],0.0
apg_zt[17,16],1.0
apg_zt[17,17],0.0
apg_zt[17,18],0.0
apg_zt[17,19],0.0
apg_zt[17,20],0.0
apg_zt[17,21],0.0
apg_zt[17,22],0.0
apg_zt[17,23],0.0
apg_zt[17,24],1.0
apg_zt[18,1],0.0
apg_zt[18,2],0.0
apg_zt[18,3],0.0
apg_zt[18,4],1.0
apg_zt[18,5],0.0
apg_zt[18,6],0.0
apg_zt[18,7],0.0
apg_zt[18,8],0.0
apg_zt[18,9],0.0
apg_zt[18,10],0.0
apg_zt[18,11],0.0
apg_zt[18,12],1.0
apg_zt[18,13],0.0
apg_zt[18,14],0.0
apg_zt[18,15],0.0
apg_zt[18,16],1.0
apg_zt[18,17],0.0
apg_zt[18,18],0.0
apg_zt[18,19],0.0
apg_zt[18,20],0.0
apg_zt[18,21],0.0
apg_zt[18,22],0.0
apg_zt[18,23],0.0
apg_zt[18,24],1.0
apg_zt[19,1],0.0
apg_zt[19,2],0.0
apg_zt[19,3],0.0
apg_zt[19,4],1.0
apg_zt[19,5],0.0
apg_zt[19,6],0.0
apg_zt[19,7],0.0
apg_zt[19,8],0.0
apg_zt[19,9],0.0
apg_zt[19,10],0.0
apg_zt[19,11],0.0
apg_zt[19,12],1.0
apg_zt[19,13],0.0
apg_zt[19,14],0.0
apg_zt[19,15],0.0
apg_zt[19,16],1.0
apg_zt[19,17],0.0
apg_zt[19,18],0.0
apg_zt[19,19],0.0
apg_zt[19,20],0.0
apg_zt[19,21],0.0
apg_zt[19,22],0.0
apg_zt[19,23],0.0
apg_zt[19,24],1.0
apg_zt[20,1],0.0
apg_zt[20,2],0.0
apg_zt[20,3],0.0
apg_zt[20,4],1.0
apg_zt[20,5],0.0
apg_zt[20,6],0.0
apg_zt[20,7],0.0
apg_zt[20,8],0.0
apg_zt[20,9],0.0
apg_zt[20,10],0.0
apg_zt[20,11],0.0
apg_zt[20,12],1.0
apg_zt[20,13],0.0
apg_zt[20,14],0.0
apg_zt[20,15],0.0
apg_zt[20,16],1.0
apg_zt[20,17],0.0
apg_zt[20,18],0.0
apg_zt[20,19],0.0
apg_zt[20,20],0.0
apg_zt[20,21],0.0
apg_zt[20,22],0.0
apg_zt[20,23],0.0
apg_zt[20,24],1.0
ObjVal,32.10308074874859
